,sequence,method,HLA-B*07:02 Rank,HLA-B*07:02 Score,HLA-B*08:01 Rank,HLA-B*08:01 Score,HLA-B*14:02 Rank,HLA-B*14:02 Score,HLA-B*15:01 Rank,HLA-B*15:01 Score,HLA-B*18:01 Rank,HLA-B*18:01 Score,HLA-B*27:05 Rank,HLA-B*27:05 Score,HLA-B*35:01 Rank,HLA-B*35:01 Score,HLA-B*38:01 Rank,HLA-B*38:01 Score,HLA-B*39:01 Rank,HLA-B*39:01 Score,HLA-B*40:01 Rank,HLA-B*40:01 Score,HLA-B*44:03 Rank,HLA-B*44:03 Score,HLA-B*49:01 Rank,HLA-B*49:01 Score,HLA-B*51:01 Rank,HLA-B*51:01 Score,HLA-B*53:01 Rank,HLA-B*53:01 Score,HLA-B*57:01 Rank,HLA-B*57:01 Score,length,chr,pos,gene,transcripts,variant type,synonymous,homozygous,variant details (genomic),variant details (protein),refseq,single_mutation,method_refseq,HLA-B*07:02 Rank_refseq,HLA-B*07:02 Score_refseq,HLA-B*08:01 Rank_refseq,HLA-B*08:01 Score_refseq,HLA-B*14:02 Rank_refseq,HLA-B*14:02 Score_refseq,HLA-B*15:01 Rank_refseq,HLA-B*15:01 Score_refseq,HLA-B*18:01 Rank_refseq,HLA-B*18:01 Score_refseq,HLA-B*27:05 Rank_refseq,HLA-B*27:05 Score_refseq,HLA-B*35:01 Rank_refseq,HLA-B*35:01 Score_refseq,HLA-B*38:01 Rank_refseq,HLA-B*38:01 Score_refseq,HLA-B*39:01 Rank_refseq,HLA-B*39:01 Score_refseq,HLA-B*40:01 Rank_refseq,HLA-B*40:01 Score_refseq,HLA-B*44:03 Rank_refseq,HLA-B*44:03 Score_refseq,HLA-B*49:01 Rank_refseq,HLA-B*49:01 Score_refseq,HLA-B*51:01 Rank_refseq,HLA-B*51:01 Score_refseq,HLA-B*53:01 Rank_refseq,HLA-B*53:01 Score_refseq,HLA-B*57:01 Rank_refseq,HLA-B*57:01 Score_refseq
0,ANFNVLFSTVFPL,netmhcpan,76.6667,0.0,58.7931,0.0001,51.0417,0.0001,43.4286,0.0001,73.3333,0.0,35.0,0.0001,90.0,0.0,45.75,0.0001,41.6,0.0001,51.25,0.0,72.5,0.0,49.0,0.0001,70.0,0.0,85.0,0.0,54.6512,0.0001,13,NC_045512.2,14408,ORF1ab,GU280_gp01,SNP,False,False,"c.968C>T,c.14144C>T","p.Pro4715Leu,p.Pro323Leu",ANFNVLFSTVFPP,True,netmhcpan,95.0,0.0,93.0,0.0,85.0,0.0,83.3333,0.0,90.0,0.0,80.0,0.0,100.0,0.0,90.0,0.0,85.0,0.0,85.0,0.0,95.0,0.0,68.8889,0.0,95.0,0.0,100.0,0.0,82.1429,0.0
1,NFNVLFSTVFPLT,netmhcpan,95.0,0.0,74.6154,0.0,90.0,0.0,90.0,0.0,85.0,0.0,90.0,0.0,90.0,0.0,85.0,0.0,72.5,0.0,100.0,0.0,100.0,0.0,95.0,0.0,91.6667,0.0,100.0,0.0,99.0,0.0,13,NC_045512.2,14408,ORF1ab,GU280_gp01,SNP,False,False,"c.968C>T,c.14144C>T","p.Pro4715Leu,p.Pro323Leu",NFNVLFSTVFPPT,True,netmhcpan,100.0,0.0,84.2857,0.0,95.0,0.0,95.0,0.0,90.0,0.0,95.0,0.0,100.0,0.0,95.0,0.0,95.0,0.0,100.0,0.0,100.0,0.0,100.0,0.0,95.0,0.0,100.0,0.0,99.0,0.0
2,FNVLFSTVFPLTS,netmhcpan,100.0,0.0,92.0,0.0,92.5,0.0,95.0,0.0,95.0,0.0,90.0,0.0,100.0,0.0,95.0,0.0,95.0,0.0,100.0,0.0,100.0,0.0,95.0,0.0,95.0,0.0,95.0,0.0,73.4615,0.0,13,NC_045512.2,14408,ORF1ab,GU280_gp01,SNP,False,False,"c.968C>T,c.14144C>T","p.Pro4715Leu,p.Pro323Leu",FNVLFSTVFPPTS,True,netmhcpan,100.0,0.0,96.0,0.0,95.0,0.0,100.0,0.0,95.0,0.0,95.0,0.0,100.0,0.0,95.0,0.0,95.0,0.0,100.0,0.0,100.0,0.0,95.0,0.0,93.3333,0.0,100.0,0.0,74.2308,0.0
3,NVLFSTVFPLTSF,netmhcpan,36.8889,0.0001,44.4286,0.0002,53.5417,0.0001,13.4556,0.0022,38.0,0.0001,48.0,0.0,17.7558,0.0005,65.0,0.0,63.0,0.0,70.0,0.0,55.0,0.0,72.5,0.0,42.25,0.0002,18.9455,0.0004,12.6939,0.0047,13,NC_045512.2,14408,ORF1ab,GU280_gp01,SNP,False,False,"c.968C>T,c.14144C>T","p.Pro4715Leu,p.Pro323Leu",NVLFSTVFPPTSF,True,netmhcpan,22.8333,0.0004,32.325,0.0005,35.8947,0.0002,8.0114,0.0079,33.6,0.0001,37.8333,0.0001,12.958,0.0012,46.5,0.0,49.5,0.0,51.25,0.0,41.3333,0.0,58.6111,0.0,32.9512,0.0005,11.685,0.0013,10.5979,0.0069
4,VLFSTVFPLTSFG,netmhcpan,83.3333,0.0,86.4286,0.0,92.5,0.0,21.9,0.0006,73.3333,0.0,71.6667,0.0,85.0,0.0,90.0,0.0,100.0,0.0,85.0,0.0,85.0,0.0,80.0,0.0,82.0,0.0,80.0,0.0,42.8235,0.0003,13,NC_045512.2,14408,ORF1ab,GU280_gp01,SNP,False,False,"c.968C>T,c.14144C>T","p.Pro4715Leu,p.Pro323Leu",VLFSTVFPPTSFG,True,netmhcpan,52.3077,0.0,62.7273,0.0001,79.0,0.0,11.96,0.003,66.25,0.0,55.8333,0.0,63.3333,0.0,71.6667,0.0,80.0,0.0,65.0,0.0,75.0,0.0,67.2222,0.0,58.8,0.0001,57.5,0.0,32.9524,0.0005
5,LFSTVFPLTSFGP,netmhcpan,95.0,0.0,87.8571,0.0,95.0,0.0,87.5,0.0,95.0,0.0,90.0,0.0,90.0,0.0,95.0,0.0,100.0,0.0,100.0,0.0,100.0,0.0,95.0,0.0,90.0,0.0,95.0,0.0,81.4286,0.0,13,NC_045512.2,14408,ORF1ab,GU280_gp01,SNP,False,False,"c.968C>T,c.14144C>T","p.Pro4715Leu,p.Pro323Leu",LFSTVFPPTSFGP,True,netmhcpan,81.6667,0.0,75.5,0.0,92.5,0.0,81.6667,0.0,90.0,0.0,87.5,0.0,85.0,0.0,75.0,0.0,85.0,0.0,100.0,0.0,95.0,0.0,90.0,0.0,84.0,0.0,72.5,0.0,70.7692,0.0
6,FSTVFPLTSFGPL,netmhcpan,5.9976,0.0072,26.4625,0.0009,51.875,0.0001,71.0,0.0,67.5,0.0,66.25,0.0,18.8529,0.0004,50.0,0.0,25.8929,0.0002,75.0,0.0,95.0,0.0,77.0,0.0,19.7512,0.0017,18.0182,0.0004,20.6461,0.0016,13,NC_045512.2,14408,ORF1ab,GU280_gp01,SNP,False,False,"c.968C>T,c.14144C>T","p.Pro4715Leu,p.Pro323Leu",FSTVFPPTSFGPL,True,netmhcpan,8.7066,0.0033,28.1639,0.0007,41.9,0.0001,63.75,0.0,75.0,0.0,68.75,0.0,26.1053,0.0002,44.25,0.0001,22.75,0.0003,65.0,0.0,85.0,0.0,72.5,0.0,19.47,0.0018,32.1429,0.0001,20.8258,0.0015
7,STVFPLTSFGPLV,netmhcpan,29.4118,0.0002,68.4375,0.0001,65.0,0.0,63.75,0.0,82.5,0.0,70.0,0.0,80.0,0.0,70.0,0.0,68.3333,0.0,70.0,0.0,85.0,0.0,54.6154,0.0001,33.0256,0.0005,65.0,0.0,29.3929,0.0007,13,NC_045512.2,14408,ORF1ab,GU280_gp01,SNP,False,False,"c.968C>T,c.14144C>T","p.Pro4715Leu,p.Pro323Leu",STVFPPTSFGPLV,True,netmhcpan,12.1176,0.0016,53.5366,0.0001,45.0,0.0001,60.0,0.0,70.0,0.0,61.0,0.0,35.0,0.0001,54.0909,0.0,49.0,0.0,53.75,0.0,60.0,0.0,50.0,0.0001,9.7966,0.0077,15.75,0.0006,25.6364,0.001
8,TVFPLTSFGPLVR,netmhcpan,34.2727,0.0001,66.25,0.0001,60.4167,0.0,25.9318,0.0004,42.25,0.0001,19.3774,0.0004,31.1,0.0001,67.5,0.0,55.0,0.0,55.0,0.0,43.0,0.0,61.5385,0.0,38.3043,0.0003,33.8333,0.0001,23.2881,0.0012,13,NC_045512.2,14408,ORF1ab,GU280_gp01,SNP,False,False,"c.968C>T,c.14144C>T","p.Pro4715Leu,p.Pro323Leu",TVFPPTSFGPLVR,True,netmhcpan,25.7333,0.0003,58.2759,0.0001,51.25,0.0001,18.45,0.001,37.3333,0.0001,16.6289,0.0006,26.2632,0.0002,61.0,0.0,39.4,0.0001,52.5,0.0,38.3333,0.0,56.6667,0.0001,30.5185,0.0006,26.8125,0.0001,18.8636,0.0019
9,VFPLTSFGPLVRK,netmhcpan,55.5556,0.0,80.0,0.0,61.25,0.0,42.5714,0.0001,66.25,0.0,28.5714,0.0002,41.0,0.0,77.5,0.0,77.5,0.0,70.0,0.0,70.0,0.0,63.0769,0.0,32.3659,0.0005,47.5,0.0,15.6816,0.0029,13,NC_045512.2,14408,ORF1ab,GU280_gp01,SNP,False,False,"c.968C>T,c.14144C>T","p.Pro4715Leu,p.Pro323Leu",VFPPTSFGPLVRK,True,netmhcpan,53.4615,0.0,65.9375,0.0001,60.4167,0.0,41.75,0.0001,60.0,0.0,28.2143,0.0002,36.8333,0.0001,70.0,0.0,70.0,0.0,65.0,0.0,62.5,0.0,47.875,0.0001,33.3077,0.0004,42.6667,0.0,15.5274,0.003
10,FPLTSFGPLVRKI,netmhcpan,10.6572,0.0022,23.6731,0.0011,44.1111,0.0001,80.0,0.0,53.5,0.0,57.5,0.0,16.729,0.0006,30.8947,0.0002,30.5333,0.0002,70.0,0.0,53.75,0.0,52.3077,0.0001,1.1707,0.1788,5.2223,0.0079,37.5,0.0004,13,NC_045512.2,14408,ORF1ab,GU280_gp01,SNP,False,False,"c.968C>T,c.14144C>T","p.Pro4715Leu,p.Pro323Leu",FPPTSFGPLVRKI,True,netmhcpan,11.3079,0.0019,20.4828,0.0015,36.5,0.0002,73.0,0.0,56.4286,0.0,57.5,0.0,22.6,0.0003,14.086,0.0015,25.8929,0.0002,50.0,0.0,62.5,0.0,36.8,0.0002,1.4509,0.142,6.8281,0.0044,41.5263,0.0003
11,PLTSFGPLVRKIF,netmhcpan,90.0,0.0,79.5,0.0,85.0,0.0,53.8889,0.0,71.6667,0.0,73.3333,0.0,85.0,0.0,77.5,0.0,80.0,0.0,75.0,0.0,80.0,0.0,90.0,0.0,83.0,0.0,72.5,0.0,17.3772,0.0023,13,NC_045512.2,14408,ORF1ab,GU280_gp01,SNP,False,False,"c.968C>T,c.14144C>T","p.Pro4715Leu,p.Pro323Leu",PPTSFGPLVRKIF,True,netmhcpan,38.1429,0.0001,55.0,0.0001,72.5,0.0,60.0,0.0,53.0,0.0,63.0,0.0,32.0,0.0001,59.375,0.0,72.5,0.0,85.0,0.0,75.0,0.0,88.3333,0.0,36.5172,0.0003,11.6996,0.0013,17.3702,0.0023
12,LTSFGPLVRKIFV,netmhcpan,27.0,0.0003,25.5506,0.0009,61.25,0.0,80.0,0.0,82.5,0.0,75.0,0.0,70.0,0.0,71.6667,0.0,72.5,0.0,100.0,0.0,95.0,0.0,81.6667,0.0,17.4046,0.0023,51.0,0.0,35.5625,0.0004,13,NC_045512.2,14408,ORF1ab,GU280_gp01,SNP,False,False,"c.968C>T,c.14144C>T","p.Pro4715Leu,p.Pro323Leu",PTSFGPLVRKIFV,True,netmhcpan,64.2857,0.0,62.5,0.0001,83.3333,0.0,95.0,0.0,90.0,0.0,85.0,0.0,90.0,0.0,90.0,0.0,85.0,0.0,100.0,0.0,100.0,0.0,88.3333,0.0,55.0,0.0001,95.0,0.0,49.6,0.0002
13,LLSMQGAVDINKF,netmhcpan,68.0,0.0,54.6341,0.0001,88.3333,0.0,13.0319,0.0024,54.5,0.0,73.3333,0.0,37.5,0.0001,56.875,0.0,77.5,0.0,75.0,0.0,56.25,0.0,62.3077,0.0,61.1765,0.0001,31.75,0.0001,14.7924,0.0033,13,NC_045512.2,12053,ORF1ab,GU280_gp01,SNP,False,False,"c.11788C>T,c.211C>T","p.Leu3930Phe,p.Leu71Phe",LLSMQGAVDINKL,True,netmhcpan,51.1538,0.0,40.45,0.0003,81.6667,0.0,51.6667,0.0001,77.5,0.0,85.0,0.0,80.0,0.0,63.0,0.0,66.6667,0.0,70.0,0.0,95.0,0.0,76.0,0.0,58.6,0.0001,63.3333,0.0,51.3953,0.0001
14,LSMQGAVDINKFC,netmhcpan,92.5,0.0,94.0,0.0,92.5,0.0,78.3333,0.0,85.0,0.0,85.0,0.0,85.0,0.0,90.0,0.0,95.0,0.0,100.0,0.0,95.0,0.0,92.5,0.0,75.0,0.0,72.5,0.0,20.3483,0.0016,13,NC_045512.2,12053,ORF1ab,GU280_gp01,SNP,False,False,"c.11788C>T,c.211C>T","p.Leu3930Phe,p.Leu71Phe",LSMQGAVDINKLC,True,netmhcpan,90.0,0.0,90.0,0.0,88.3333,0.0,90.0,0.0,95.0,0.0,87.5,0.0,90.0,0.0,90.0,0.0,95.0,0.0,85.0,0.0,95.0,0.0,88.3333,0.0,66.6667,0.0,80.0,0.0,18.7603,0.0019
15,SMQGAVDINKFCE,netmhcpan,95.0,0.0,92.0,0.0,95.0,0.0,78.3333,0.0,90.0,0.0,87.5,0.0,90.0,0.0,95.0,0.0,95.0,0.0,100.0,0.0,95.0,0.0,88.3333,0.0,96.6667,0.0,95.0,0.0,90.0,0.0,13,NC_045512.2,12053,ORF1ab,GU280_gp01,SNP,False,False,"c.11788C>T,c.211C>T","p.Leu3930Phe,p.Leu71Phe",SMQGAVDINKLCE,True,netmhcpan,92.5,0.0,88.5714,0.0,95.0,0.0,81.6667,0.0,95.0,0.0,90.0,0.0,90.0,0.0,95.0,0.0,95.0,0.0,100.0,0.0,95.0,0.0,92.5,0.0,96.6667,0.0,100.0,0.0,92.0,0.0
16,MQGAVDINKFCEE,netmhcpan,95.0,0.0,85.0,0.0,63.3333,0.0,83.3333,0.0,71.6667,0.0,73.3333,0.0,90.0,0.0,90.0,0.0,95.0,0.0,100.0,0.0,80.0,0.0,92.5,0.0,95.0,0.0,95.0,0.0,95.0,0.0,13,NC_045512.2,12053,ORF1ab,GU280_gp01,SNP,False,False,"c.11788C>T,c.211C>T","p.Leu3930Phe,p.Leu71Phe",MQGAVDINKLCEE,True,netmhcpan,95.0,0.0,87.8571,0.0,70.8333,0.0,85.0,0.0,82.5,0.0,77.5,0.0,100.0,0.0,90.0,0.0,85.0,0.0,100.0,0.0,75.0,0.0,92.5,0.0,95.0,0.0,95.0,0.0,97.0,0.0
17,QGAVDINKFCEEM,netmhcpan,81.6667,0.0,66.5625,0.0001,85.0,0.0,64.375,0.0,73.3333,0.0,85.0,0.0,61.6667,0.0,71.6667,0.0,68.3333,0.0,85.0,0.0,85.0,0.0,90.0,0.0,68.3333,0.0,70.0,0.0,52.5581,0.0001,13,NC_045512.2,12053,ORF1ab,GU280_gp01,SNP,False,False,"c.11788C>T,c.211C>T","p.Leu3930Phe,p.Leu71Phe",QGAVDINKLCEEM,True,netmhcpan,80.0,0.0,64.5455,0.0001,83.3333,0.0,60.0,0.0,73.3333,0.0,87.5,0.0,58.0,0.0,67.5,0.0,64.0,0.0,85.0,0.0,85.0,0.0,90.0,0.0,68.3333,0.0,70.0,0.0,52.093,0.0001
18,GAVDINKFCEEML,netmhcpan,56.1111,0.0,63.1818,0.0001,71.6667,0.0,57.9167,0.0,75.0,0.0,67.5,0.0,55.0,0.0,46.75,0.0,46.6667,0.0,42.0,0.0,75.0,0.0,66.1111,0.0,48.7778,0.0001,41.0,0.0,29.6607,0.0007,13,NC_045512.2,12053,ORF1ab,GU280_gp01,SNP,False,False,"c.11788C>T,c.211C>T","p.Leu3930Phe,p.Leu71Phe",GAVDINKLCEEML,True,netmhcpan,55.5556,0.0,61.5909,0.0001,71.6667,0.0,56.25,0.0,75.0,0.0,66.25,0.0,55.0,0.0,46.5,0.0,46.6667,0.0,40.5,0.0,70.0,0.0,61.9231,0.0,47.4,0.0001,41.3333,0.0,27.9571,0.0008
19,AVDINKFCEEMLD,netmhcpan,90.0,0.0,95.0,0.0,95.0,0.0,100.0,0.0,100.0,0.0,95.0,0.0,100.0,0.0,95.0,0.0,95.0,0.0,100.0,0.0,100.0,0.0,100.0,0.0,96.6667,0.0,100.0,0.0,97.0,0.0,13,NC_045512.2,12053,ORF1ab,GU280_gp01,SNP,False,False,"c.11788C>T,c.211C>T","p.Leu3930Phe,p.Leu71Phe",AVDINKLCEEMLD,True,netmhcpan,90.0,0.0,95.0,0.0,95.0,0.0,100.0,0.0,100.0,0.0,95.0,0.0,100.0,0.0,95.0,0.0,95.0,0.0,100.0,0.0,100.0,0.0,100.0,0.0,96.6667,0.0,100.0,0.0,97.0,0.0
20,VDINKFCEEMLDN,netmhcpan,95.0,0.0,95.0,0.0,95.0,0.0,100.0,0.0,100.0,0.0,100.0,0.0,100.0,0.0,100.0,0.0,100.0,0.0,100.0,0.0,100.0,0.0,100.0,0.0,95.0,0.0,100.0,0.0,100.0,0.0,13,NC_045512.2,12053,ORF1ab,GU280_gp01,SNP,False,False,"c.11788C>T,c.211C>T","p.Leu3930Phe,p.Leu71Phe",VDINKLCEEMLDN,True,netmhcpan,100.0,0.0,96.0,0.0,100.0,0.0,100.0,0.0,100.0,0.0,100.0,0.0,100.0,0.0,100.0,0.0,100.0,0.0,100.0,0.0,100.0,0.0,100.0,0.0,96.6667,0.0,100.0,0.0,99.0,0.0
21,DINKFCEEMLDNR,netmhcpan,95.0,0.0,96.0,0.0,95.0,0.0,100.0,0.0,95.0,0.0,90.0,0.0,90.0,0.0,100.0,0.0,100.0,0.0,100.0,0.0,95.0,0.0,100.0,0.0,96.6667,0.0,85.0,0.0,96.0,0.0,13,NC_045512.2,12053,ORF1ab,GU280_gp01,SNP,False,False,"c.11788C>T,c.211C>T","p.Leu3930Phe,p.Leu71Phe",DINKLCEEMLDNR,True,netmhcpan,95.0,0.0,95.0,0.0,95.0,0.0,100.0,0.0,95.0,0.0,95.0,0.0,90.0,0.0,100.0,0.0,100.0,0.0,100.0,0.0,100.0,0.0,100.0,0.0,96.6667,0.0,95.0,0.0,96.0,0.0
22,INKFCEEMLDNRA,netmhcpan,95.0,0.0,92.0,0.0,92.5,0.0,100.0,0.0,90.0,0.0,95.0,0.0,100.0,0.0,95.0,0.0,95.0,0.0,65.0,0.0,80.0,0.0,47.0,0.0001,95.0,0.0,100.0,0.0,99.0,0.0,13,NC_045512.2,12053,ORF1ab,GU280_gp01,SNP,False,False,"c.11788C>T,c.211C>T","p.Leu3930Phe,p.Leu71Phe",INKLCEEMLDNRA,True,netmhcpan,95.0,0.0,91.0,0.0,92.5,0.0,100.0,0.0,90.0,0.0,95.0,0.0,100.0,0.0,95.0,0.0,95.0,0.0,65.0,0.0,80.0,0.0,47.0,0.0001,95.0,0.0,100.0,0.0,99.0,0.0
23,NKFCEEMLDNRAT,netmhcpan,92.5,0.0,90.0,0.0,64.5833,0.0,100.0,0.0,45.5,0.0,90.0,0.0,90.0,0.0,73.3333,0.0,62.0,0.0,60.0,0.0,36.6667,0.0,70.8333,0.0,91.6667,0.0,95.0,0.0,99.0,0.0,13,NC_045512.2,12053,ORF1ab,GU280_gp01,SNP,False,False,"c.11788C>T,c.211C>T","p.Leu3930Phe,p.Leu71Phe",NKLCEEMLDNRAT,True,netmhcpan,92.5,0.0,90.0,0.0,66.25,0.0,100.0,0.0,45.5,0.0,90.0,0.0,90.0,0.0,75.0,0.0,70.0,0.0,60.0,0.0,36.6667,0.0,70.8333,0.0,91.6667,0.0,95.0,0.0,99.0,0.0
24,KFCEEMLDNRATL,netmhcpan,22.2857,0.0004,20.3736,0.0016,50.2083,0.0001,20.7732,0.0007,46.6667,0.0,31.6,0.0001,58.0,0.0,30.7368,0.0002,35.7778,0.0001,31.0,0.0001,45.5,0.0,42.9091,0.0001,66.6667,0.0,51.0,0.0,33.7568,0.0005,13,NC_045512.2,12053,ORF1ab,GU280_gp01,SNP,False,False,"c.11788C>T,c.211C>T","p.Leu3930Phe,p.Leu71Phe",KLCEEMLDNRATL,True,netmhcpan,23.0769,0.0004,20.2759,0.0016,58.125,0.0,19.5089,0.0009,51.0,0.0,32.5,0.0001,67.5,0.0,36.4444,0.0001,37.3333,0.0001,30.5,0.0001,48.0,0.0,42.1818,0.0002,71.1111,0.0,49.5,0.0,30.7925,0.0006
25,FCEEMLDNRATLQ,netmhcpan,80.0,0.0,53.5366,0.0001,90.0,0.0,76.6667,0.0,82.5,0.0,87.5,0.0,85.0,0.0,75.0,0.0,65.0,0.0,85.0,0.0,95.0,0.0,95.0,0.0,91.6667,0.0,95.0,0.0,93.0,0.0,13,NC_045512.2,12053,ORF1ab,GU280_gp01,SNP,False,False,"c.11788C>T,c.211C>T","p.Leu3930Phe,p.Leu71Phe",LCEEMLDNRATLQ,True,netmhcpan,90.0,0.0,69.375,0.0,92.5,0.0,83.3333,0.0,85.0,0.0,90.0,0.0,90.0,0.0,90.0,0.0,85.0,0.0,100.0,0.0,95.0,0.0,95.0,0.0,95.0,0.0,95.0,0.0,96.0,0.0
26,AAGTDTTITVNVV,netmhcpan,76.6667,0.0,88.5714,0.0,81.6667,0.0,87.5,0.0,95.0,0.0,90.0,0.0,90.0,0.0,90.0,0.0,95.0,0.0,85.0,0.0,95.0,0.0,74.1667,0.0,51.5714,0.0001,95.0,0.0,58.8333,0.0001,13,NC_045512.2,10667,ORF1ab,GU280_gp01,SNP,False,False,"c.10402T>G,c.613T>G","p.Leu3468Val,p.Leu205Val",AAGTDTTITVNVL,True,netmhcpan,46.5,0.0001,63.1818,0.0001,64.1667,0.0,70.0,0.0,82.5,0.0,77.5,0.0,67.5,0.0,67.5,0.0,52.2222,0.0,60.0,0.0,85.0,0.0,72.5,0.0,49.3333,0.0001,67.5,0.0,37.7308,0.0004
27,AGTDTTITVNVVA,netmhcpan,80.0,0.0,87.1429,0.0,80.0,0.0,78.3333,0.0,90.0,0.0,85.0,0.0,85.0,0.0,68.75,0.0,80.0,0.0,70.0,0.0,75.0,0.0,70.8333,0.0,73.8889,0.0,95.0,0.0,50.6977,0.0002,13,NC_045512.2,10667,ORF1ab,GU280_gp01,SNP,False,False,"c.10402T>G,c.613T>G","p.Leu3468Val,p.Leu205Val",AGTDTTITVNVLA,True,netmhcpan,83.3333,0.0,85.0,0.0,79.0,0.0,83.3333,0.0,95.0,0.0,80.0,0.0,85.0,0.0,67.5,0.0,80.0,0.0,70.0,0.0,75.0,0.0,70.0,0.0,74.4444,0.0,95.0,0.0,40.8947,0.0003
28,GTDTTITVNVVAW,netmhcpan,65.0,0.0,77.0,0.0,83.3333,0.0,48.6,0.0001,53.0,0.0,52.2222,0.0,38.4,0.0001,43.4,0.0001,77.5,0.0,62.5,0.0,27.875,0.0001,59.4444,0.0,71.1111,0.0,13.4573,0.0009,1.6029,0.2476,13,NC_045512.2,10667,ORF1ab,GU280_gp01,SNP,False,False,"c.10402T>G,c.613T>G","p.Leu3468Val,p.Leu205Val",GTDTTITVNVLAW,True,netmhcpan,67.0,0.0,78.0,0.0,80.0,0.0,48.0,0.0001,51.0,0.0,49.0,0.0,38.6,0.0001,46.5,0.0,75.0,0.0,65.0,0.0,26.8,0.0001,57.7778,0.0001,73.8889,0.0,13.6524,0.0009,1.5831,0.252
29,TDTTITVNVVAWL,netmhcpan,71.25,0.0,74.2308,0.0,79.0,0.0,90.0,0.0,73.3333,0.0,77.5,0.0,75.0,0.0,58.75,0.0,57.5,0.0,53.75,0.0,50.0,0.0,55.0,0.0001,66.25,0.0,57.5,0.0,50.814,0.0002,13,NC_045512.2,10667,ORF1ab,GU280_gp01,SNP,False,False,"c.10402T>G,c.613T>G","p.Leu3468Val,p.Leu205Val",TDTTITVNVLAWL,True,netmhcpan,71.25,0.0,74.6154,0.0,79.0,0.0,90.0,0.0,71.6667,0.0,77.5,0.0,75.0,0.0,58.75,0.0,57.5,0.0,53.75,0.0,47.0,0.0,55.2778,0.0001,66.25,0.0,54.0,0.0,48.4545,0.0002
30,DTTITVNVVAWLY,netmhcpan,92.5,0.0,87.1429,0.0,81.6667,0.0,40.2222,0.0001,26.0,0.0002,80.0,0.0,17.1977,0.0006,80.0,0.0,85.0,0.0,100.0,0.0,50.0,0.0,90.0,0.0,61.1765,0.0001,25.5,0.0002,23.5169,0.0012,13,NC_045512.2,10667,ORF1ab,GU280_gp01,SNP,False,False,"c.10402T>G,c.613T>G","p.Leu3468Val,p.Leu205Val",DTTITVNVLAWLY,True,netmhcpan,92.5,0.0,86.4286,0.0,80.0,0.0,42.7143,0.0001,28.625,0.0002,80.0,0.0,17.7791,0.0005,80.0,0.0,95.0,0.0,100.0,0.0,52.5,0.0,90.0,0.0,61.4706,0.0001,26.5625,0.0001,23.7119,0.0011
31,TTITVNVVAWLYA,netmhcpan,85.0,0.0,86.4286,0.0,88.3333,0.0,54.1667,0.0,71.6667,0.0,85.0,0.0,65.0,0.0,95.0,0.0,85.0,0.0,85.0,0.0,85.0,0.0,86.6667,0.0,74.4444,0.0,61.6667,0.0,29.125,0.0007,13,NC_045512.2,10667,ORF1ab,GU280_gp01,SNP,False,False,"c.10402T>G,c.613T>G","p.Leu3468Val,p.Leu205Val",TTITVNVLAWLYA,True,netmhcpan,92.5,0.0,86.4286,0.0,90.0,0.0,63.75,0.0,77.5,0.0,85.0,0.0,72.5,0.0,95.0,0.0,85.0,0.0,100.0,0.0,85.0,0.0,86.6667,0.0,75.0,0.0,61.6667,0.0,23.5,0.0012
32,TITVNVVAWLYAA,netmhcpan,90.0,0.0,90.0,0.0,90.0,0.0,85.0,0.0,90.0,0.0,95.0,0.0,90.0,0.0,95.0,0.0,95.0,0.0,100.0,0.0,95.0,0.0,100.0,0.0,91.6667,0.0,95.0,0.0,88.3333,0.0,13,NC_045512.2,10667,ORF1ab,GU280_gp01,SNP,False,False,"c.10402T>G,c.613T>G","p.Leu3468Val,p.Leu205Val",TITVNVLAWLYAA,True,netmhcpan,92.5,0.0,88.5714,0.0,92.5,0.0,90.0,0.0,95.0,0.0,95.0,0.0,90.0,0.0,95.0,0.0,95.0,0.0,100.0,0.0,95.0,0.0,100.0,0.0,93.3333,0.0,95.0,0.0,87.5,0.0
33,ITVNVVAWLYAAV,netmhcpan,90.0,0.0,89.2857,0.0,88.3333,0.0,80.0,0.0,95.0,0.0,95.0,0.0,100.0,0.0,95.0,0.0,95.0,0.0,100.0,0.0,100.0,0.0,88.3333,0.0,67.5,0.0,95.0,0.0,60.2273,0.0001,13,NC_045512.2,10667,ORF1ab,GU280_gp01,SNP,False,False,"c.10402T>G,c.613T>G","p.Leu3468Val,p.Leu205Val",ITVNVLAWLYAAV,True,netmhcpan,92.5,0.0,88.5714,0.0,88.3333,0.0,80.0,0.0,95.0,0.0,95.0,0.0,100.0,0.0,95.0,0.0,95.0,0.0,100.0,0.0,100.0,0.0,88.3333,0.0,70.5556,0.0,95.0,0.0,58.6667,0.0001
34,TVNVVAWLYAAVI,netmhcpan,83.3333,0.0,82.8571,0.0,83.3333,0.0,81.6667,0.0,90.0,0.0,95.0,0.0,90.0,0.0,85.0,0.0,80.0,0.0,100.0,0.0,95.0,0.0,80.0,0.0,40.6842,0.0002,72.5,0.0,66.4706,0.0001,13,NC_045512.2,10667,ORF1ab,GU280_gp01,SNP,False,False,"c.10402T>G,c.613T>G","p.Leu3468Val,p.Leu205Val",TVNVLAWLYAAVI,True,netmhcpan,85.0,0.0,82.8571,0.0,83.3333,0.0,83.3333,0.0,90.0,0.0,95.0,0.0,90.0,0.0,85.0,0.0,80.0,0.0,100.0,0.0,95.0,0.0,83.3333,0.0,40.6842,0.0002,75.0,0.0,70.3846,0.0
35,VNVVAWLYAAVIN,netmhcpan,100.0,0.0,98.0,0.0,100.0,0.0,100.0,0.0,100.0,0.0,100.0,0.0,100.0,0.0,100.0,0.0,100.0,0.0,100.0,0.0,100.0,0.0,100.0,0.0,98.3333,0.0,100.0,0.0,99.0,0.0,13,NC_045512.2,10667,ORF1ab,GU280_gp01,SNP,False,False,"c.10402T>G,c.613T>G","p.Leu3468Val,p.Leu205Val",VNVLAWLYAAVIN,True,netmhcpan,100.0,0.0,98.0,0.0,100.0,0.0,100.0,0.0,100.0,0.0,100.0,0.0,100.0,0.0,100.0,0.0,100.0,0.0,100.0,0.0,100.0,0.0,100.0,0.0,98.3333,0.0,100.0,0.0,99.0,0.0
36,NVVAWLYAAVING,netmhcpan,100.0,0.0,98.0,0.0,100.0,0.0,100.0,0.0,100.0,0.0,100.0,0.0,100.0,0.0,95.0,0.0,100.0,0.0,100.0,0.0,100.0,0.0,100.0,0.0,98.3333,0.0,100.0,0.0,97.0,0.0,13,NC_045512.2,10667,ORF1ab,GU280_gp01,SNP,False,False,"c.10402T>G,c.613T>G","p.Leu3468Val,p.Leu205Val",NVLAWLYAAVING,True,netmhcpan,100.0,0.0,97.0,0.0,100.0,0.0,100.0,0.0,100.0,0.0,100.0,0.0,100.0,0.0,95.0,0.0,100.0,0.0,100.0,0.0,100.0,0.0,100.0,0.0,98.3333,0.0,100.0,0.0,96.0,0.0
37,VVAWLYAAVINGD,netmhcpan,100.0,0.0,99.0,0.0,100.0,0.0,100.0,0.0,100.0,0.0,100.0,0.0,100.0,0.0,100.0,0.0,100.0,0.0,100.0,0.0,100.0,0.0,100.0,0.0,100.0,0.0,100.0,0.0,96.0,0.0,13,NC_045512.2,10667,ORF1ab,GU280_gp01,SNP,False,False,"c.10402T>G,c.613T>G","p.Leu3468Val,p.Leu205Val",VLAWLYAAVINGD,True,netmhcpan,100.0,0.0,99.0,0.0,100.0,0.0,100.0,0.0,100.0,0.0,100.0,0.0,100.0,0.0,100.0,0.0,100.0,0.0,100.0,0.0,100.0,0.0,100.0,0.0,100.0,0.0,100.0,0.0,99.0,0.0
38,VAWLYAAVINGDR,netmhcpan,95.0,0.0,98.0,0.0,95.0,0.0,95.0,0.0,95.0,0.0,87.5,0.0,90.0,0.0,100.0,0.0,100.0,0.0,100.0,0.0,100.0,0.0,100.0,0.0,95.0,0.0,95.0,0.0,77.5,0.0,13,NC_045512.2,10667,ORF1ab,GU280_gp01,SNP,False,False,"c.10402T>G,c.613T>G","p.Leu3468Val,p.Leu205Val",LAWLYAAVINGDR,True,netmhcpan,95.0,0.0,98.0,0.0,100.0,0.0,95.0,0.0,95.0,0.0,90.0,0.0,90.0,0.0,100.0,0.0,100.0,0.0,100.0,0.0,100.0,0.0,100.0,0.0,95.0,0.0,95.0,0.0,87.5,0.0
39,VDLGDISGINASF,netmhcpan,45.75,0.0001,56.8966,0.0001,72.5,0.0,11.3048,0.0035,31.8333,0.0001,60.0,0.0,25.2,0.0002,40.8333,0.0001,60.0,0.0,38.5,0.0,17.9268,0.0003,42.0,0.0002,47.2,0.0001,23.5417,0.0002,18.8884,0.0019,13,NC_045512.2,25088,S,GU280_gp02,SNP,False,False,c.3526G>T,p.Val1176Phe,VDLGDISGINASV,True,netmhcpan,68.0,0.0,77.0,0.0,80.0,0.0,72.0,0.0,80.0,0.0,85.0,0.0,70.0,0.0,67.5,0.0,65.0,0.0,53.75,0.0,70.0,0.0,31.2667,0.0004,57.8,0.0001,75.0,0.0,69.7059,0.0
40,DLGDISGINASFV,netmhcpan,92.5,0.0,69.6875,0.0,86.6667,0.0,80.0,0.0,63.0,0.0,95.0,0.0,72.5,0.0,80.0,0.0,80.0,0.0,100.0,0.0,95.0,0.0,86.6667,0.0,57.8,0.0001,70.0,0.0,92.0,0.0,13,NC_045512.2,25088,S,GU280_gp02,SNP,False,False,c.3526G>T,p.Val1176Phe,DLGDISGINASVV,True,netmhcpan,85.0,0.0,66.25,0.0001,76.0,0.0,87.5,0.0,82.5,0.0,95.0,0.0,85.0,0.0,80.0,0.0,80.0,0.0,100.0,0.0,95.0,0.0,85.0,0.0,48.8889,0.0001,80.0,0.0,94.0,0.0
41,LGDISGINASFVN,netmhcpan,95.0,0.0,97.0,0.0,100.0,0.0,90.0,0.0,100.0,0.0,95.0,0.0,100.0,0.0,95.0,0.0,100.0,0.0,100.0,0.0,100.0,0.0,95.0,0.0,88.75,0.0,95.0,0.0,91.0,0.0,13,NC_045512.2,25088,S,GU280_gp02,SNP,False,False,c.3526G>T,p.Val1176Phe,LGDISGINASVVN,True,netmhcpan,100.0,0.0,99.0,0.0,100.0,0.0,100.0,0.0,100.0,0.0,95.0,0.0,100.0,0.0,100.0,0.0,100.0,0.0,100.0,0.0,100.0,0.0,92.5,0.0,95.0,0.0,100.0,0.0,98.0,0.0
42,GDISGINASFVNI,netmhcpan,69.0,0.0,77.5,0.0,71.6667,0.0,76.6667,0.0,75.0,0.0,71.6667,0.0,75.0,0.0,47.0,0.0,61.0,0.0,24.1818,0.0001,44.5,0.0,21.6961,0.0009,57.2,0.0001,80.0,0.0,81.4286,0.0,13,NC_045512.2,25088,S,GU280_gp02,SNP,False,False,c.3526G>T,p.Val1176Phe,GDISGINASVVNI,True,netmhcpan,71.25,0.0,78.0,0.0,71.6667,0.0,78.3333,0.0,77.5,0.0,71.6667,0.0,75.0,0.0,48.3333,0.0,61.0,0.0,24.3636,0.0001,45.0,0.0,23.0274,0.0008,58.0,0.0001,80.0,0.0,77.5,0.0
43,DISGINASFVNIQ,netmhcpan,92.5,0.0,87.8571,0.0,92.5,0.0,90.0,0.0,85.0,0.0,95.0,0.0,75.0,0.0,95.0,0.0,100.0,0.0,100.0,0.0,100.0,0.0,100.0,0.0,82.0,0.0,67.5,0.0,94.0,0.0,13,NC_045512.2,25088,S,GU280_gp02,SNP,False,False,c.3526G>T,p.Val1176Phe,DISGINASVVNIQ,True,netmhcpan,92.5,0.0,93.0,0.0,92.5,0.0,90.0,0.0,85.0,0.0,95.0,0.0,75.0,0.0,95.0,0.0,100.0,0.0,100.0,0.0,100.0,0.0,100.0,0.0,83.0,0.0,72.5,0.0,89.1667,0.0
44,ISGINASFVNIQK,netmhcpan,92.5,0.0,98.0,0.0,86.6667,0.0,81.6667,0.0,90.0,0.0,71.6667,0.0,85.0,0.0,95.0,0.0,100.0,0.0,100.0,0.0,95.0,0.0,90.0,0.0,85.0,0.0,80.0,0.0,32.8333,0.0005,13,NC_045512.2,25088,S,GU280_gp02,SNP,False,False,c.3526G>T,p.Val1176Phe,ISGINASVVNIQK,True,netmhcpan,92.5,0.0,98.0,0.0,88.3333,0.0,81.6667,0.0,90.0,0.0,73.3333,0.0,85.0,0.0,95.0,0.0,100.0,0.0,100.0,0.0,95.0,0.0,88.3333,0.0,85.0,0.0,85.0,0.0,34.3824,0.0005
45,SGINASFVNIQKE,netmhcpan,95.0,0.0,90.0,0.0,92.5,0.0,85.0,0.0,90.0,0.0,77.5,0.0,90.0,0.0,90.0,0.0,77.5,0.0,100.0,0.0,95.0,0.0,88.3333,0.0,81.0,0.0,95.0,0.0,43.8125,0.0002,13,NC_045512.2,25088,S,GU280_gp02,SNP,False,False,c.3526G>T,p.Val1176Phe,SGINASVVNIQKE,True,netmhcpan,95.0,0.0,90.0,0.0,92.5,0.0,90.0,0.0,90.0,0.0,80.0,0.0,90.0,0.0,90.0,0.0,85.0,0.0,100.0,0.0,95.0,0.0,92.5,0.0,84.0,0.0,95.0,0.0,65.5882,0.0001
46,GINASFVNIQKEI,netmhcpan,78.3333,0.0,80.7143,0.0,88.3333,0.0,67.5,0.0,90.0,0.0,80.0,0.0,100.0,0.0,80.0,0.0,85.0,0.0,75.0,0.0,80.0,0.0,74.1667,0.0,71.6667,0.0,95.0,0.0,66.7647,0.0001,13,NC_045512.2,25088,S,GU280_gp02,SNP,False,False,c.3526G>T,p.Val1176Phe,GINASVVNIQKEI,True,netmhcpan,78.3333,0.0,88.5714,0.0,92.5,0.0,68.3333,0.0,90.0,0.0,85.0,0.0,90.0,0.0,90.0,0.0,85.0,0.0,75.0,0.0,80.0,0.0,76.0,0.0,73.3333,0.0,85.0,0.0,67.6471,0.0001
47,INASFVNIQKEID,netmhcpan,100.0,0.0,98.0,0.0,95.0,0.0,100.0,0.0,95.0,0.0,95.0,0.0,100.0,0.0,95.0,0.0,100.0,0.0,100.0,0.0,100.0,0.0,95.0,0.0,96.6667,0.0,100.0,0.0,95.0,0.0,13,NC_045512.2,25088,S,GU280_gp02,SNP,False,False,c.3526G>T,p.Val1176Phe,INASVVNIQKEID,True,netmhcpan,100.0,0.0,99.0,0.0,95.0,0.0,100.0,0.0,95.0,0.0,95.0,0.0,100.0,0.0,95.0,0.0,100.0,0.0,100.0,0.0,100.0,0.0,95.0,0.0,96.6667,0.0,100.0,0.0,96.0,0.0
48,NASFVNIQKEIDR,netmhcpan,85.0,0.0,90.0,0.0,88.3333,0.0,90.0,0.0,77.5,0.0,77.5,0.0,65.0,0.0,77.5,0.0,80.0,0.0,85.0,0.0,95.0,0.0,92.5,0.0,77.8571,0.0,61.6667,0.0,63.1818,0.0001,13,NC_045512.2,25088,S,GU280_gp02,SNP,False,False,c.3526G>T,p.Val1176Phe,NASVVNIQKEIDR,True,netmhcpan,85.0,0.0,91.0,0.0,88.3333,0.0,95.0,0.0,85.0,0.0,85.0,0.0,72.5,0.0,80.0,0.0,80.0,0.0,100.0,0.0,95.0,0.0,92.5,0.0,81.0,0.0,72.5,0.0,66.1765,0.0001
49,ASFVNIQKEIDRL,netmhcpan,63.5714,0.0,60.2273,0.0001,63.75,0.0,46.0,0.0001,73.3333,0.0,51.1111,0.0,72.5,0.0,47.0,0.0,51.6667,0.0,47.0,0.0,56.25,0.0,43.0,0.0001,48.7778,0.0001,61.6667,0.0,8.3393,0.0114,13,NC_045512.2,25088,S,GU280_gp02,SNP,False,False,c.3526G>T,p.Val1176Phe,ASVVNIQKEIDRL,True,netmhcpan,64.2857,0.0,68.4375,0.0001,79.0,0.0,57.0833,0.0,82.5,0.0,75.0,0.0,85.0,0.0,60.0,0.0,52.7778,0.0,60.0,0.0,70.0,0.0,62.3077,0.0,68.3333,0.0,70.0,0.0,18.1116,0.0021
50,SFVNIQKEIDRLN,netmhcpan,92.5,0.0,83.5714,0.0,95.0,0.0,80.0,0.0,90.0,0.0,85.0,0.0,100.0,0.0,85.0,0.0,95.0,0.0,85.0,0.0,85.0,0.0,86.6667,0.0,96.6667,0.0,95.0,0.0,91.0,0.0,13,NC_045512.2,25088,S,GU280_gp02,SNP,False,False,c.3526G>T,p.Val1176Phe,SVVNIQKEIDRLN,True,netmhcpan,92.5,0.0,88.5714,0.0,95.0,0.0,80.0,0.0,90.0,0.0,87.5,0.0,100.0,0.0,90.0,0.0,95.0,0.0,85.0,0.0,85.0,0.0,86.6667,0.0,93.3333,0.0,95.0,0.0,65.0,0.0001
51,FVNIQKEIDRLNE,netmhcpan,92.5,0.0,95.0,0.0,92.5,0.0,95.0,0.0,95.0,0.0,95.0,0.0,100.0,0.0,95.0,0.0,95.0,0.0,100.0,0.0,100.0,0.0,100.0,0.0,98.3333,0.0,100.0,0.0,94.0,0.0,13,NC_045512.2,25088,S,GU280_gp02,SNP,False,False,c.3526G>T,p.Val1176Phe,VVNIQKEIDRLNE,True,netmhcpan,95.0,0.0,97.0,0.0,100.0,0.0,95.0,0.0,95.0,0.0,95.0,0.0,100.0,0.0,100.0,0.0,100.0,0.0,100.0,0.0,100.0,0.0,100.0,0.0,100.0,0.0,100.0,0.0,89.1667,0.0
52,TNTSNQVAVLYQG,netmhcpan,100.0,0.0,97.0,0.0,92.5,0.0,87.5,0.0,80.0,0.0,90.0,0.0,90.0,0.0,90.0,0.0,95.0,0.0,100.0,0.0,95.0,0.0,88.3333,0.0,96.6667,0.0,100.0,0.0,72.6923,0.0,13,NC_045512.2,23403,S,GU280_gp02,SNP,False,False,c.1841A>G,p.Asp614Gly,TNTSNQVAVLYQD,True,netmhcpan,100.0,0.0,97.0,0.0,92.5,0.0,90.0,0.0,80.0,0.0,90.0,0.0,90.0,0.0,95.0,0.0,95.0,0.0,100.0,0.0,95.0,0.0,95.0,0.0,98.3333,0.0,100.0,0.0,73.4615,0.0
53,NTSNQVAVLYQGV,netmhcpan,85.0,0.0,76.0,0.0,75.0,0.0,90.0,0.0,80.0,0.0,90.0,0.0,85.0,0.0,90.0,0.0,85.0,0.0,100.0,0.0,95.0,0.0,85.0,0.0,67.9167,0.0,85.0,0.0,63.1818,0.0001,13,NC_045512.2,23403,S,GU280_gp02,SNP,False,False,c.1841A>G,p.Asp614Gly,NTSNQVAVLYQDV,True,netmhcpan,85.0,0.0,84.2857,0.0,80.0,0.0,90.0,0.0,82.5,0.0,95.0,0.0,90.0,0.0,90.0,0.0,95.0,0.0,100.0,0.0,95.0,0.0,86.6667,0.0,70.5556,0.0,85.0,0.0,71.9231,0.0
54,TSNQVAVLYQGVN,netmhcpan,100.0,0.0,97.0,0.0,95.0,0.0,90.0,0.0,85.0,0.0,95.0,0.0,90.0,0.0,100.0,0.0,100.0,0.0,100.0,0.0,100.0,0.0,95.0,0.0,95.0,0.0,95.0,0.0,61.1364,0.0001,13,NC_045512.2,23403,S,GU280_gp02,SNP,False,False,c.1841A>G,p.Asp614Gly,TSNQVAVLYQDVN,True,netmhcpan,100.0,0.0,98.0,0.0,100.0,0.0,90.0,0.0,85.0,0.0,95.0,0.0,90.0,0.0,100.0,0.0,100.0,0.0,100.0,0.0,100.0,0.0,100.0,0.0,95.0,0.0,95.0,0.0,61.3636,0.0001
55,SNQVAVLYQGVNC,netmhcpan,92.5,0.0,94.0,0.0,95.0,0.0,95.0,0.0,100.0,0.0,90.0,0.0,100.0,0.0,95.0,0.0,95.0,0.0,100.0,0.0,95.0,0.0,92.5,0.0,95.0,0.0,95.0,0.0,83.5714,0.0,13,NC_045512.2,23403,S,GU280_gp02,SNP,False,False,c.1841A>G,p.Asp614Gly,SNQVAVLYQDVNC,True,netmhcpan,95.0,0.0,97.0,0.0,95.0,0.0,100.0,0.0,100.0,0.0,95.0,0.0,100.0,0.0,95.0,0.0,95.0,0.0,100.0,0.0,100.0,0.0,95.0,0.0,96.6667,0.0,100.0,0.0,86.6667,0.0
56,NQVAVLYQGVNCT,netmhcpan,90.0,0.0,73.4615,0.0,63.75,0.0,76.6667,0.0,80.0,0.0,77.5,0.0,100.0,0.0,68.75,0.0,58.3333,0.0,85.0,0.0,95.0,0.0,78.0,0.0,91.6667,0.0,95.0,0.0,94.0,0.0,13,NC_045512.2,23403,S,GU280_gp02,SNP,False,False,c.1841A>G,p.Asp614Gly,NQVAVLYQDVNCT,True,netmhcpan,92.5,0.0,80.0,0.0,74.1667,0.0,87.5,0.0,82.5,0.0,85.0,0.0,100.0,0.0,68.75,0.0,64.0,0.0,85.0,0.0,95.0,0.0,81.6667,0.0,93.3333,0.0,95.0,0.0,96.0,0.0
57,QVAVLYQGVNCTE,netmhcpan,92.5,0.0,93.0,0.0,95.0,0.0,87.5,0.0,95.0,0.0,90.0,0.0,90.0,0.0,95.0,0.0,85.0,0.0,100.0,0.0,95.0,0.0,95.0,0.0,95.0,0.0,95.0,0.0,83.5714,0.0,13,NC_045512.2,23403,S,GU280_gp02,SNP,False,False,c.1841A>G,p.Asp614Gly,QVAVLYQDVNCTE,True,netmhcpan,90.0,0.0,88.5714,0.0,95.0,0.0,85.0,0.0,90.0,0.0,90.0,0.0,85.0,0.0,95.0,0.0,80.0,0.0,100.0,0.0,85.0,0.0,95.0,0.0,93.3333,0.0,85.0,0.0,77.5,0.0
58,VAVLYQGVNCTEV,netmhcpan,85.0,0.0,82.1429,0.0,81.6667,0.0,78.3333,0.0,90.0,0.0,95.0,0.0,90.0,0.0,85.0,0.0,85.0,0.0,100.0,0.0,95.0,0.0,85.0,0.0,34.2059,0.0004,95.0,0.0,74.2308,0.0,13,NC_045512.2,23403,S,GU280_gp02,SNP,False,False,c.1841A>G,p.Asp614Gly,VAVLYQDVNCTEV,True,netmhcpan,78.3333,0.0,72.6923,0.0,68.75,0.0,76.6667,0.0,85.0,0.0,87.5,0.0,80.0,0.0,67.5,0.0,65.0,0.0,70.0,0.0,95.0,0.0,62.6923,0.0,32.5366,0.0005,80.0,0.0,72.6923,0.0
59,AVLYQGVNCTEVP,netmhcpan,92.5,0.0,96.0,0.0,95.0,0.0,87.5,0.0,100.0,0.0,95.0,0.0,100.0,0.0,95.0,0.0,100.0,0.0,85.0,0.0,95.0,0.0,92.5,0.0,95.0,0.0,100.0,0.0,87.5,0.0,13,NC_045512.2,23403,S,GU280_gp02,SNP,False,False,c.1841A>G,p.Asp614Gly,AVLYQDVNCTEVP,True,netmhcpan,92.5,0.0,97.0,0.0,95.0,0.0,90.0,0.0,100.0,0.0,95.0,0.0,100.0,0.0,95.0,0.0,100.0,0.0,85.0,0.0,100.0,0.0,90.0,0.0,96.6667,0.0,100.0,0.0,88.3333,0.0
60,VLYQGVNCTEVPV,netmhcpan,72.5,0.0,61.5909,0.0001,78.0,0.0,44.3333,0.0001,90.0,0.0,66.25,0.0,90.0,0.0,73.3333,0.0,75.0,0.0,75.0,0.0,95.0,0.0,67.2222,0.0,52.5714,0.0001,95.0,0.0,85.8333,0.0,13,NC_045512.2,23403,S,GU280_gp02,SNP,False,False,c.1841A>G,p.Asp614Gly,VLYQDVNCTEVPV,True,netmhcpan,76.6667,0.0,74.2308,0.0,83.3333,0.0,54.1667,0.0,90.0,0.0,75.0,0.0,90.0,0.0,73.3333,0.0,77.5,0.0,75.0,0.0,95.0,0.0,70.8333,0.0,58.2,0.0001,95.0,0.0,86.6667,0.0
61,LYQGVNCTEVPVA,netmhcpan,80.0,0.0,76.5,0.0,77.0,0.0,90.0,0.0,82.5,0.0,85.0,0.0,85.0,0.0,75.0,0.0,66.6667,0.0,85.0,0.0,95.0,0.0,80.0,0.0,73.3333,0.0,95.0,0.0,92.0,0.0,13,NC_045512.2,23403,S,GU280_gp02,SNP,False,False,c.1841A>G,p.Asp614Gly,LYQDVNCTEVPVA,True,netmhcpan,75.0,0.0,66.25,0.0001,65.625,0.0,87.5,0.0,73.3333,0.0,77.5,0.0,75.0,0.0,60.0,0.0,62.0,0.0,85.0,0.0,95.0,0.0,72.5,0.0,65.0,0.0,85.0,0.0,88.3333,0.0
62,YQGVNCTEVPVAI,netmhcpan,54.6154,0.0,51.8293,0.0001,36.3889,0.0002,23.9672,0.0005,43.5,0.0001,46.6667,0.0,53.3333,0.0,11.5436,0.0024,8.1825,0.0041,19.5,0.0002,60.0,0.0,20.4336,0.001,35.9677,0.0004,44.0,0.0,68.5294,0.0001,13,NC_045512.2,23403,S,GU280_gp02,SNP,False,False,c.1841A>G,p.Asp614Gly,YQDVNCTEVPVAI,True,netmhcpan,27.6667,0.0002,29.3273,0.0007,25.9821,0.0005,21.4875,0.0007,35.5,0.0001,29.9231,0.0001,33.625,0.0001,4.7052,0.0134,4.4395,0.0138,9.405,0.001,43.0,0.0,12.8589,0.0028,18.3158,0.0021,32.7143,0.0001,63.8636,0.0001
63,QGVNCTEVPVAIH,netmhcpan,85.0,0.0,95.0,0.0,90.0,0.0,67.5,0.0,77.5,0.0,85.0,0.0,75.0,0.0,95.0,0.0,95.0,0.0,100.0,0.0,85.0,0.0,88.3333,0.0,80.0,0.0,85.0,0.0,59.0,0.0001,13,NC_045512.2,23403,S,GU280_gp02,SNP,False,False,c.1841A>G,p.Asp614Gly,QDVNCTEVPVAIH,True,netmhcpan,85.0,0.0,94.0,0.0,88.3333,0.0,74.0,0.0,57.1429,0.0,68.75,0.0,72.5,0.0,85.0,0.0,77.5,0.0,70.0,0.0,60.0,0.0,66.6667,0.0,81.0,0.0,80.0,0.0,60.9091,0.0001
64,GVNCTEVPVAIHA,netmhcpan,73.75,0.0,89.2857,0.0,76.0,0.0,58.3333,0.0,43.25,0.0001,63.0,0.0,72.5,0.0,73.3333,0.0,65.0,0.0,8.9105,0.0011,9.4114,0.0013,4.8247,0.0183,77.8571,0.0,80.0,0.0,59.0,0.0001,13,NC_045512.2,23403,S,GU280_gp02,SNP,False,False,c.1841A>G,p.Asp614Gly,DVNCTEVPVAIHA,True,netmhcpan,73.75,0.0,71.1538,0.0,66.25,0.0,80.0,0.0,7.3163,0.0037,85.0,0.0,47.0,0.0,65.0,0.0,55.0,0.0,34.3333,0.0,16.7959,0.0003,23.9452,0.0007,37.9615,0.0003,49.5,0.0,80.0,0.0
65,IYQAGSTPCNGVK,netmhcpan,81.6667,0.0,88.5714,0.0,79.0,0.0,67.5,0.0,90.0,0.0,52.2222,0.0,90.0,0.0,95.0,0.0,85.0,0.0,100.0,0.0,95.0,0.0,88.3333,0.0,90.0,0.0,80.0,0.0,71.9231,0.0,13,NC_045512.2,23012,S,GU280_gp02,SNP,False,False,c.1450G>A,p.Glu484Lys,IYQAGSTPCNGVE,True,netmhcpan,92.5,0.0,93.0,0.0,95.0,0.0,90.0,0.0,95.0,0.0,90.0,0.0,100.0,0.0,100.0,0.0,95.0,0.0,100.0,0.0,100.0,0.0,92.5,0.0,91.6667,0.0,95.0,0.0,91.0,0.0
66,YQAGSTPCNGVKG,netmhcpan,92.5,0.0,92.0,0.0,68.75,0.0,55.4167,0.0,95.0,0.0,62.0,0.0,90.0,0.0,73.3333,0.0,62.0,0.0,70.0,0.0,85.0,0.0,63.4615,0.0,93.3333,0.0,95.0,0.0,88.3333,0.0,13,NC_045512.2,23012,S,GU280_gp02,SNP,False,False,c.1450G>A,p.Glu484Lys,YQAGSTPCNGVEG,True,netmhcpan,85.0,0.0,93.0,0.0,83.3333,0.0,53.3333,0.0,95.0,0.0,85.0,0.0,90.0,0.0,71.6667,0.0,53.8889,0.0,65.0,0.0,95.0,0.0,67.7778,0.0,93.3333,0.0,95.0,0.0,92.0,0.0
67,QAGSTPCNGVKGF,netmhcpan,20.8393,0.0005,48.0,0.0002,64.5833,0.0,40.0,0.0001,30.6154,0.0001,55.0,0.0,17.0116,0.0006,58.75,0.0,44.6667,0.0,75.0,0.0,44.5,0.0,70.0,0.0,40.7368,0.0002,11.3297,0.0014,17.1626,0.0024,13,NC_045512.2,23012,S,GU280_gp02,SNP,False,False,c.1450G>A,p.Glu484Lys,QAGSTPCNGVEGF,True,netmhcpan,21.898,0.0004,53.9024,0.0001,68.125,0.0,39.1,0.0001,36.0,0.0001,51.6667,0.0,11.1775,0.0017,47.0,0.0,47.6667,0.0,70.0,0.0,41.3333,0.0,68.3333,0.0,38.9565,0.0003,6.2346,0.0054,18.4545,0.002
68,AGSTPCNGVKGFN,netmhcpan,73.75,0.0,90.0,0.0,95.0,0.0,95.0,0.0,85.0,0.0,87.5,0.0,80.0,0.0,95.0,0.0,70.0,0.0,100.0,0.0,85.0,0.0,95.0,0.0,93.3333,0.0,80.0,0.0,92.0,0.0,13,NC_045512.2,23012,S,GU280_gp02,SNP,False,False,c.1450G>A,p.Glu484Lys,AGSTPCNGVEGFN,True,netmhcpan,78.3333,0.0,93.0,0.0,100.0,0.0,95.0,0.0,90.0,0.0,80.0,0.0,80.0,0.0,95.0,0.0,85.0,0.0,100.0,0.0,85.0,0.0,95.0,0.0,88.75,0.0,65.0,0.0,92.0,0.0
69,GSTPCNGVKGFNC,netmhcpan,95.0,0.0,94.0,0.0,95.0,0.0,95.0,0.0,95.0,0.0,87.5,0.0,100.0,0.0,100.0,0.0,85.0,0.0,100.0,0.0,95.0,0.0,95.0,0.0,96.6667,0.0,100.0,0.0,41.7895,0.0003,13,NC_045512.2,23012,S,GU280_gp02,SNP,False,False,c.1450G>A,p.Glu484Lys,GSTPCNGVEGFNC,True,netmhcpan,95.0,0.0,97.0,0.0,100.0,0.0,95.0,0.0,95.0,0.0,85.0,0.0,100.0,0.0,95.0,0.0,95.0,0.0,100.0,0.0,100.0,0.0,92.5,0.0,95.0,0.0,95.0,0.0,43.25,0.0002
70,STPCNGVKGFNCY,netmhcpan,63.5714,0.0,78.5,0.0,67.5,0.0,11.2386,0.0035,32.5,0.0001,64.0,0.0,19.4727,0.0004,59.375,0.0,72.5,0.0,60.0,0.0,38.3333,0.0,75.0,0.0,64.1176,0.0,31.375,0.0001,11.3906,0.0059,13,NC_045512.2,23012,S,GU280_gp02,SNP,False,False,c.1450G>A,p.Glu484Lys,STPCNGVEGFNCY,True,netmhcpan,57.7778,0.0,74.2308,0.0,54.375,0.0001,8.3796,0.0072,26.4762,0.0002,60.0,0.0,10.9842,0.0018,53.1818,0.0,70.0,0.0,57.5,0.0,26.1,0.0001,63.8462,0.0,51.1429,0.0001,20.7436,0.0003,11.859,0.0054
71,TPCNGVKGFNCYF,netmhcpan,8.4926,0.0035,26.5625,0.0008,56.875,0.0001,18.2429,0.001,25.6667,0.0002,53.3333,0.0,7.0335,0.0054,46.75,0.0,40.8,0.0001,70.0,0.0,44.5,0.0,79.0,0.0,19.0184,0.0019,4.1198,0.0129,24.4167,0.0011,13,NC_045512.2,23012,S,GU280_gp02,SNP,False,False,c.1450G>A,p.Glu484Lys,TPCNGVEGFNCYF,True,netmhcpan,14.753,0.0011,44.2857,0.0002,63.3333,0.0,43.0,0.0001,28.375,0.0002,54.4444,0.0,5.3157,0.01,39.1429,0.0001,44.3333,0.0,75.0,0.0,44.0,0.0,79.0,0.0,22.5652,0.0013,2.2889,0.0406,34.9118,0.0004
72,PCNGVKGFNCYFP,netmhcpan,100.0,0.0,99.0,0.0,100.0,0.0,100.0,0.0,100.0,0.0,100.0,0.0,100.0,0.0,100.0,0.0,100.0,0.0,100.0,0.0,100.0,0.0,100.0,0.0,100.0,0.0,100.0,0.0,99.0,0.0,13,NC_045512.2,23012,S,GU280_gp02,SNP,False,False,c.1450G>A,p.Glu484Lys,PCNGVEGFNCYFP,True,netmhcpan,100.0,0.0,99.0,0.0,100.0,0.0,100.0,0.0,100.0,0.0,100.0,0.0,100.0,0.0,100.0,0.0,100.0,0.0,100.0,0.0,100.0,0.0,100.0,0.0,100.0,0.0,100.0,0.0,98.0,0.0
73,CNGVKGFNCYFPL,netmhcpan,95.0,0.0,65.625,0.0001,77.0,0.0,95.0,0.0,95.0,0.0,90.0,0.0,100.0,0.0,66.25,0.0,60.0,0.0,100.0,0.0,100.0,0.0,95.0,0.0,93.3333,0.0,100.0,0.0,97.0,0.0,13,NC_045512.2,23012,S,GU280_gp02,SNP,False,False,c.1450G>A,p.Glu484Lys,CNGVEGFNCYFPL,True,netmhcpan,95.0,0.0,79.5,0.0,79.0,0.0,100.0,0.0,95.0,0.0,90.0,0.0,100.0,0.0,66.25,0.0,60.0,0.0,100.0,0.0,100.0,0.0,92.5,0.0,91.6667,0.0,100.0,0.0,97.0,0.0
74,NGVKGFNCYFPLQ,netmhcpan,95.0,0.0,90.0,0.0,92.5,0.0,95.0,0.0,95.0,0.0,90.0,0.0,100.0,0.0,95.0,0.0,77.5,0.0,100.0,0.0,100.0,0.0,95.0,0.0,95.0,0.0,100.0,0.0,95.0,0.0,13,NC_045512.2,23012,S,GU280_gp02,SNP,False,False,c.1450G>A,p.Glu484Lys,NGVEGFNCYFPLQ,True,netmhcpan,95.0,0.0,90.0,0.0,92.5,0.0,95.0,0.0,90.0,0.0,90.0,0.0,90.0,0.0,90.0,0.0,68.3333,0.0,100.0,0.0,100.0,0.0,95.0,0.0,86.25,0.0,95.0,0.0,93.0,0.0
75,GVKGFNCYFPLQS,netmhcpan,92.5,0.0,93.0,0.0,95.0,0.0,72.0,0.0,95.0,0.0,87.5,0.0,100.0,0.0,100.0,0.0,100.0,0.0,100.0,0.0,100.0,0.0,92.5,0.0,98.3333,0.0,100.0,0.0,76.5,0.0,13,NC_045512.2,23012,S,GU280_gp02,SNP,False,False,c.1450G>A,p.Glu484Lys,GVEGFNCYFPLQS,True,netmhcpan,95.0,0.0,98.0,0.0,100.0,0.0,95.0,0.0,95.0,0.0,87.5,0.0,100.0,0.0,100.0,0.0,100.0,0.0,100.0,0.0,100.0,0.0,95.0,0.0,98.3333,0.0,100.0,0.0,90.0,0.0
76,VKGFNCYFPLQSY,netmhcpan,69.0,0.0,79.0,0.0,46.0,0.0001,8.2008,0.0075,16.989,0.0006,13.5815,0.001,25.2,0.0002,44.75,0.0001,46.0,0.0,51.25,0.0,29.0,0.0001,51.7308,0.0001,56.8,0.0001,40.6667,0.0,14.5975,0.0034,13,NC_045512.2,23012,S,GU280_gp02,SNP,False,False,c.1450G>A,p.Glu484Lys,VEGFNCYFPLQSY,True,netmhcpan,53.0769,0.0,62.7273,0.0001,57.1875,0.0,6.3031,0.0135,1.2036,0.0902,22.2188,0.0003,16.271,0.0007,36.6667,0.0001,48.0,0.0,7.5064,0.0017,1.1471,0.1034,6.7613,0.0099,36.3448,0.0003,22.9259,0.0002,12.1484,0.0051
77,KGFNCYFPLQSYG,netmhcpan,92.5,0.0,93.0,0.0,90.0,0.0,31.9524,0.0002,73.3333,0.0,58.3333,0.0,85.0,0.0,85.0,0.0,85.0,0.0,85.0,0.0,85.0,0.0,83.3333,0.0,84.0,0.0,85.0,0.0,39.0909,0.0003,13,NC_045512.2,23012,S,GU280_gp02,SNP,False,False,c.1450G>A,p.Glu484Lys,EGFNCYFPLQSYG,True,netmhcpan,92.5,0.0,87.8571,0.0,69.375,0.0,52.7778,0.0,55.7143,0.0,77.5,0.0,57.0,0.0,77.5,0.0,85.0,0.0,100.0,0.0,72.5,0.0,90.0,0.0,59.0,0.0001,60.0,0.0,66.4706,0.0001
78,LLLDRLNQLESKI,netmhcpan,75.0,0.0,34.9697,0.0004,81.6667,0.0,63.125,0.0,85.0,0.0,28.0,0.0002,90.0,0.0,62.0,0.0,80.0,0.0,75.0,0.0,85.0,0.0,72.5,0.0,40.9474,0.0002,72.5,0.0,67.0588,0.0001,13,NC_045512.2,28975,N,GU280_gp10,SNP,False,False,c.702G>T,p.Met234Ile,LLLDRLNQLESKM,True,netmhcpan,51.9231,0.0,15.3624,0.0029,68.75,0.0,27.1111,0.0004,70.0,0.0,27.9444,0.0002,56.0,0.0,62.0,0.0,70.0,0.0,65.0,0.0,85.0,0.0,71.6667,0.0,54.0,0.0001,52.0,0.0,51.1628,0.0001
79,LLDRLNQLESKIS,netmhcpan,95.0,0.0,98.0,0.0,100.0,0.0,95.0,0.0,100.0,0.0,47.6667,0.0,100.0,0.0,95.0,0.0,100.0,0.0,100.0,0.0,100.0,0.0,95.0,0.0,93.3333,0.0,100.0,0.0,98.0,0.0,13,NC_045512.2,28975,N,GU280_gp10,SNP,False,False,c.702G>T,p.Met234Ile,LLDRLNQLESKMS,True,netmhcpan,92.5,0.0,94.0,0.0,100.0,0.0,90.0,0.0,95.0,0.0,48.0,0.0,100.0,0.0,95.0,0.0,100.0,0.0,100.0,0.0,100.0,0.0,100.0,0.0,93.3333,0.0,100.0,0.0,98.0,0.0
80,LDRLNQLESKISG,netmhcpan,95.0,0.0,92.0,0.0,92.5,0.0,85.0,0.0,95.0,0.0,53.8889,0.0,100.0,0.0,90.0,0.0,85.0,0.0,85.0,0.0,95.0,0.0,80.0,0.0,90.0,0.0,100.0,0.0,94.0,0.0,13,NC_045512.2,28975,N,GU280_gp10,SNP,False,False,c.702G>T,p.Met234Ile,LDRLNQLESKMSG,True,netmhcpan,95.0,0.0,91.0,0.0,92.5,0.0,83.3333,0.0,95.0,0.0,53.8889,0.0,100.0,0.0,90.0,0.0,95.0,0.0,100.0,0.0,95.0,0.0,83.3333,0.0,95.0,0.0,100.0,0.0,95.0,0.0
81,DRLNQLESKISGK,netmhcpan,90.0,0.0,72.3077,0.0,64.1667,0.0,83.3333,0.0,68.75,0.0,8.4877,0.0032,85.0,0.0,47.6667,0.0,66.6667,0.0,85.0,0.0,72.5,0.0,88.3333,0.0,88.75,0.0,85.0,0.0,92.0,0.0,13,NC_045512.2,28975,N,GU280_gp10,SNP,False,False,c.702G>T,p.Met234Ile,DRLNQLESKMSGK,True,netmhcpan,92.5,0.0,79.0,0.0,65.625,0.0,87.5,0.0,71.6667,0.0,10.7137,0.0019,85.0,0.0,48.0,0.0,66.6667,0.0,100.0,0.0,75.0,0.0,88.3333,0.0,93.3333,0.0,95.0,0.0,94.0,0.0
82,RLNQLESKISGKG,netmhcpan,95.0,0.0,97.0,0.0,100.0,0.0,81.6667,0.0,95.0,0.0,67.5,0.0,100.0,0.0,95.0,0.0,100.0,0.0,75.0,0.0,60.0,0.0,61.1538,0.0,98.3333,0.0,100.0,0.0,94.0,0.0,13,NC_045512.2,28975,N,GU280_gp10,SNP,False,False,c.702G>T,p.Met234Ile,RLNQLESKMSGKG,True,netmhcpan,95.0,0.0,97.0,0.0,100.0,0.0,85.0,0.0,95.0,0.0,73.3333,0.0,100.0,0.0,100.0,0.0,100.0,0.0,85.0,0.0,85.0,0.0,76.0,0.0,98.3333,0.0,100.0,0.0,93.0,0.0
83,LNQLESKISGKGQ,netmhcpan,100.0,0.0,98.0,0.0,95.0,0.0,90.0,0.0,95.0,0.0,95.0,0.0,100.0,0.0,100.0,0.0,100.0,0.0,100.0,0.0,100.0,0.0,100.0,0.0,98.3333,0.0,100.0,0.0,83.5714,0.0,13,NC_045512.2,28975,N,GU280_gp10,SNP,False,False,c.702G>T,p.Met234Ile,LNQLESKMSGKGQ,True,netmhcpan,100.0,0.0,98.0,0.0,95.0,0.0,90.0,0.0,95.0,0.0,95.0,0.0,100.0,0.0,100.0,0.0,100.0,0.0,100.0,0.0,100.0,0.0,100.0,0.0,98.3333,0.0,100.0,0.0,82.8571,0.0
84,NQLESKISGKGQQ,netmhcpan,90.0,0.0,73.4615,0.0,62.5,0.0,59.5833,0.0,57.1429,0.0,62.0,0.0,85.0,0.0,65.0,0.0,66.6667,0.0,65.0,0.0,70.0,0.0,76.0,0.0,90.0,0.0,85.0,0.0,79.0,0.0,13,NC_045512.2,28975,N,GU280_gp10,SNP,False,False,c.702G>T,p.Met234Ile,NQLESKMSGKGQQ,True,netmhcpan,90.0,0.0,79.5,0.0,62.0833,0.0,62.5,0.0,58.5714,0.0,61.0,0.0,85.0,0.0,66.25,0.0,70.0,0.0,70.0,0.0,70.0,0.0,78.0,0.0,91.6667,0.0,85.0,0.0,85.0,0.0
85,QLESKISGKGQQQ,netmhcpan,80.0,0.0,87.1429,0.0,95.0,0.0,69.1667,0.0,85.0,0.0,85.0,0.0,85.0,0.0,95.0,0.0,95.0,0.0,85.0,0.0,80.0,0.0,92.5,0.0,96.6667,0.0,95.0,0.0,84.2857,0.0,13,NC_045512.2,28975,N,GU280_gp10,SNP,False,False,c.702G>T,p.Met234Ile,QLESKMSGKGQQQ,True,netmhcpan,90.0,0.0,87.1429,0.0,92.5,0.0,66.6667,0.0,85.0,0.0,77.5,0.0,85.0,0.0,95.0,0.0,95.0,0.0,85.0,0.0,80.0,0.0,90.0,0.0,96.6667,0.0,95.0,0.0,91.0,0.0
86,LESKISGKGQQQQ,netmhcpan,95.0,0.0,86.4286,0.0,95.0,0.0,78.3333,0.0,41.5,0.0001,67.5,0.0,90.0,0.0,75.0,0.0,95.0,0.0,41.0,0.0,30.7143,0.0001,51.7308,0.0001,90.0,0.0,80.0,0.0,66.1765,0.0001,13,NC_045512.2,28975,N,GU280_gp10,SNP,False,False,c.702G>T,p.Met234Ile,LESKMSGKGQQQQ,True,netmhcpan,95.0,0.0,86.4286,0.0,95.0,0.0,81.6667,0.0,50.5,0.0,77.5,0.0,90.0,0.0,77.5,0.0,95.0,0.0,44.0,0.0,36.3333,0.0,61.9231,0.0,95.0,0.0,85.0,0.0,66.1765,0.0001
87,ESKISGKGQQQQG,netmhcpan,95.0,0.0,69.6875,0.0,95.0,0.0,95.0,0.0,95.0,0.0,95.0,0.0,90.0,0.0,95.0,0.0,100.0,0.0,100.0,0.0,95.0,0.0,100.0,0.0,91.6667,0.0,95.0,0.0,80.7143,0.0,13,NC_045512.2,28975,N,GU280_gp10,SNP,False,False,c.702G>T,p.Met234Ile,ESKMSGKGQQQQG,True,netmhcpan,95.0,0.0,71.5385,0.0,95.0,0.0,95.0,0.0,95.0,0.0,95.0,0.0,90.0,0.0,95.0,0.0,100.0,0.0,100.0,0.0,95.0,0.0,100.0,0.0,93.3333,0.0,95.0,0.0,80.0,0.0
88,SKISGKGQQQQGQ,netmhcpan,95.0,0.0,97.0,0.0,77.0,0.0,87.5,0.0,85.0,0.0,66.25,0.0,90.0,0.0,77.5,0.0,95.0,0.0,75.0,0.0,72.5,0.0,63.4615,0.0,96.6667,0.0,85.0,0.0,94.0,0.0,13,NC_045512.2,28975,N,GU280_gp10,SNP,False,False,c.702G>T,p.Met234Ile,SKMSGKGQQQQGQ,True,netmhcpan,95.0,0.0,96.0,0.0,66.25,0.0,87.5,0.0,85.0,0.0,64.0,0.0,90.0,0.0,75.0,0.0,95.0,0.0,75.0,0.0,72.5,0.0,66.1111,0.0,98.3333,0.0,85.0,0.0,95.0,0.0
89,KISGKGQQQQGQT,netmhcpan,80.0,0.0,85.7143,0.0,95.0,0.0,73.0,0.0,100.0,0.0,95.0,0.0,100.0,0.0,100.0,0.0,100.0,0.0,100.0,0.0,95.0,0.0,88.3333,0.0,98.3333,0.0,100.0,0.0,87.5,0.0,13,NC_045512.2,28975,N,GU280_gp10,SNP,False,False,c.702G>T,p.Met234Ile,KMSGKGQQQQGQT,True,netmhcpan,90.0,0.0,81.4286,0.0,95.0,0.0,65.8333,0.0,100.0,0.0,87.5,0.0,100.0,0.0,95.0,0.0,100.0,0.0,100.0,0.0,95.0,0.0,80.0,0.0,98.3333,0.0,100.0,0.0,93.0,0.0
90,ISGKGQQQQGQTV,netmhcpan,55.0,0.0,49.6,0.0002,54.1667,0.0001,17.1235,0.0012,68.75,0.0,63.0,0.0,75.0,0.0,30.4737,0.0002,37.0,0.0001,28.7143,0.0001,58.75,0.0,25.0,0.0006,35.1935,0.0004,67.5,0.0,20.8202,0.0015,13,NC_045512.2,28975,N,GU280_gp10,SNP,False,False,c.702G>T,p.Met234Ile,MSGKGQQQQGQTV,True,netmhcpan,46.25,0.0001,40.25,0.0003,42.6,0.0001,18.6857,0.001,61.0,0.0,58.3333,0.0,58.0,0.0,21.2388,0.0005,25.5714,0.0003,24.8182,0.0001,52.5,0.0,22.2529,0.0008,30.4259,0.0006,54.0,0.0,20.3202,0.0016
91,NSSRNSTPGSSRR,netmhcpan,65.0,0.0,90.0,0.0,88.3333,0.0,71.0,0.0,80.0,0.0,31.0,0.0001,80.0,0.0,90.0,0.0,95.0,0.0,85.0,0.0,49.5,0.0,88.3333,0.0,91.6667,0.0,85.0,0.0,51.0465,0.0001,13,NC_045512.2,28883,N,GU280_gp10,SNP,False,False,c.610G>C,p.Gly204Arg,NSSRNSTPGSSRG,True,netmhcpan,92.5,0.0,93.0,0.0,92.5,0.0,95.0,0.0,95.0,0.0,75.0,0.0,100.0,0.0,100.0,0.0,95.0,0.0,100.0,0.0,95.0,0.0,95.0,0.0,96.6667,0.0,100.0,0.0,68.5294,0.0001
92,SSRNSTPGSSRRT,netmhcpan,76.6667,0.0,85.7143,0.0,86.6667,0.0,73.0,0.0,95.0,0.0,60.0,0.0,90.0,0.0,85.0,0.0,95.0,0.0,85.0,0.0,85.0,0.0,90.0,0.0,95.0,0.0,95.0,0.0,58.5,0.0001,13,NC_045512.2,28883,N,GU280_gp10,SNP,False,False,c.610G>C,p.Gly204Arg,SSRNSTPGSSRGT,True,netmhcpan,76.6667,0.0,87.8571,0.0,90.0,0.0,85.0,0.0,95.0,0.0,65.0,0.0,100.0,0.0,90.0,0.0,95.0,0.0,100.0,0.0,95.0,0.0,95.0,0.0,96.6667,0.0,100.0,0.0,62.2727,0.0001
93,SRNSTPGSSRRTS,netmhcpan,12.1691,0.0016,78.0,0.0,59.0625,0.0,90.0,0.0,85.0,0.0,13.7283,0.001,70.0,0.0,62.0,0.0,70.0,0.0,85.0,0.0,75.0,0.0,77.0,0.0,82.0,0.0,85.0,0.0,84.2857,0.0,13,NC_045512.2,28883,N,GU280_gp10,SNP,False,False,c.610G>C,p.Gly204Arg,SRNSTPGSSRGTS,True,netmhcpan,16.7117,0.0008,87.1429,0.0,69.375,0.0,95.0,0.0,90.0,0.0,15.646,0.0007,80.0,0.0,85.0,0.0,80.0,0.0,100.0,0.0,85.0,0.0,86.6667,0.0,85.0,0.0,85.0,0.0,94.0,0.0
94,RNSTPGSSRRTSP,netmhcpan,61.4286,0.0,67.8125,0.0001,75.0,0.0,74.0,0.0,90.0,0.0,73.3333,0.0,90.0,0.0,85.0,0.0,72.5,0.0,75.0,0.0,80.0,0.0,64.6154,0.0,88.75,0.0,85.0,0.0,84.2857,0.0,13,NC_045512.2,28883,N,GU280_gp10,SNP,False,False,c.610G>C,p.Gly204Arg,RNSTPGSSRGTSP,True,netmhcpan,68.0,0.0,80.7143,0.0,80.0,0.0,74.0,0.0,90.0,0.0,73.3333,0.0,90.0,0.0,85.0,0.0,72.5,0.0,75.0,0.0,80.0,0.0,64.2308,0.0,87.5,0.0,85.0,0.0,85.0,0.0
95,NSTPGSSRRTSPA,netmhcpan,58.3333,0.0,62.7273,0.0001,58.4375,0.0,90.0,0.0,90.0,0.0,90.0,0.0,85.0,0.0,90.0,0.0,70.0,0.0,85.0,0.0,95.0,0.0,90.0,0.0,69.5833,0.0,80.0,0.0,65.8824,0.0001,13,NC_045512.2,28883,N,GU280_gp10,SNP,False,False,c.610G>C,p.Gly204Arg,NSTPGSSRGTSPA,True,netmhcpan,60.0,0.0,83.5714,0.0,60.4167,0.0,90.0,0.0,95.0,0.0,95.0,0.0,85.0,0.0,90.0,0.0,77.5,0.0,85.0,0.0,95.0,0.0,90.0,0.0,70.5556,0.0,80.0,0.0,65.2941,0.0001
96,STPGSSRRTSPAR,netmhcpan,45.75,0.0001,78.5,0.0,78.0,0.0,53.8889,0.0,63.0,0.0,47.0,0.0,49.0,0.0,85.0,0.0,72.5,0.0,65.0,0.0,67.5,0.0,90.0,0.0,69.5833,0.0,63.3333,0.0,45.2,0.0002,13,NC_045512.2,28883,N,GU280_gp10,SNP,False,False,c.610G>C,p.Gly204Arg,STPGSSRGTSPAR,True,netmhcpan,35.5556,0.0001,80.7143,0.0,78.0,0.0,42.4286,0.0001,59.2857,0.0,47.0,0.0,47.5,0.0,77.5,0.0,75.0,0.0,65.0,0.0,67.5,0.0,88.3333,0.0,67.5,0.0,61.6667,0.0,39.5,0.0003
97,TPGSSRRTSPARM,netmhcpan,0.9969,0.1749,15.4153,0.0029,27.0698,0.0005,60.0,0.0,41.25,0.0001,16.4639,0.0006,13.0833,0.0012,40.8333,0.0001,33.6,0.0001,57.5,0.0,58.75,0.0,75.0,0.0,22.971,0.0012,14.1504,0.0008,65.0,0.0001,13,NC_045512.2,28883,N,GU280_gp10,SNP,False,False,c.610G>C,p.Gly204Arg,TPGSSRGTSPARM,True,netmhcpan,1.6381,0.0816,24.4681,0.001,41.2,0.0001,69.1667,0.0,43.75,0.0001,21.5263,0.0003,16.6075,0.0006,36.8889,0.0001,37.1667,0.0001,65.0,0.0,58.75,0.0,83.3333,0.0,29.9492,0.0006,15.03,0.0007,67.9412,0.0001
98,PGSSRRTSPARMA,netmhcpan,90.0,0.0,91.0,0.0,85.0,0.0,100.0,0.0,95.0,0.0,52.7778,0.0,100.0,0.0,90.0,0.0,95.0,0.0,100.0,0.0,100.0,0.0,92.5,0.0,98.3333,0.0,100.0,0.0,89.1667,0.0,13,NC_045512.2,28883,N,GU280_gp10,SNP,False,False,c.610G>C,p.Gly204Arg,PGSSRGTSPARMA,True,netmhcpan,92.5,0.0,94.0,0.0,90.0,0.0,100.0,0.0,100.0,0.0,87.5,0.0,100.0,0.0,95.0,0.0,100.0,0.0,100.0,0.0,100.0,0.0,95.0,0.0,98.3333,0.0,100.0,0.0,88.3333,0.0
99,GSSRRTSPARMAG,netmhcpan,83.3333,0.0,92.0,0.0,95.0,0.0,95.0,0.0,95.0,0.0,53.8889,0.0,100.0,0.0,100.0,0.0,100.0,0.0,100.0,0.0,100.0,0.0,95.0,0.0,96.6667,0.0,100.0,0.0,56.0,0.0001,13,NC_045512.2,28883,N,GU280_gp10,SNP,False,False,c.610G>C,p.Gly204Arg,GSSRGTSPARMAG,True,netmhcpan,90.0,0.0,95.0,0.0,95.0,0.0,95.0,0.0,100.0,0.0,87.5,0.0,100.0,0.0,100.0,0.0,100.0,0.0,100.0,0.0,100.0,0.0,95.0,0.0,96.6667,0.0,100.0,0.0,54.5349,0.0001
100,SSRRTSPARMAGN,netmhcpan,81.6667,0.0,91.0,0.0,90.0,0.0,95.0,0.0,95.0,0.0,65.0,0.0,100.0,0.0,95.0,0.0,100.0,0.0,100.0,0.0,100.0,0.0,95.0,0.0,98.3333,0.0,100.0,0.0,71.5385,0.0,13,NC_045512.2,28883,N,GU280_gp10,SNP,False,False,c.610G>C,p.Gly204Arg,SSRGTSPARMAGN,True,netmhcpan,76.6667,0.0,91.0,0.0,92.5,0.0,87.5,0.0,95.0,0.0,87.5,0.0,100.0,0.0,95.0,0.0,100.0,0.0,100.0,0.0,100.0,0.0,95.0,0.0,98.3333,0.0,100.0,0.0,60.0,0.0001
101,SRRTSPARMAGNG,netmhcpan,75.0,0.0,93.0,0.0,88.3333,0.0,95.0,0.0,95.0,0.0,41.75,0.0001,100.0,0.0,100.0,0.0,100.0,0.0,100.0,0.0,100.0,0.0,95.0,0.0,98.3333,0.0,95.0,0.0,93.0,0.0,13,NC_045512.2,28883,N,GU280_gp10,SNP,False,False,c.610G>C,p.Gly204Arg,SRGTSPARMAGNG,True,netmhcpan,75.0,0.0,97.0,0.0,92.5,0.0,100.0,0.0,95.0,0.0,61.0,0.0,100.0,0.0,95.0,0.0,100.0,0.0,100.0,0.0,100.0,0.0,100.0,0.0,98.3333,0.0,95.0,0.0,95.0,0.0
102,RRTSPARMAGNGG,netmhcpan,81.6667,0.0,96.0,0.0,92.5,0.0,95.0,0.0,100.0,0.0,14.6118,0.0009,100.0,0.0,90.0,0.0,95.0,0.0,85.0,0.0,95.0,0.0,86.6667,0.0,98.3333,0.0,100.0,0.0,79.0,0.0,13,NC_045512.2,28883,N,GU280_gp10,SNP,False,False,c.610G>C,p.Gly204Arg,RGTSPARMAGNGG,True,netmhcpan,83.3333,0.0,97.0,0.0,100.0,0.0,95.0,0.0,100.0,0.0,87.5,0.0,100.0,0.0,100.0,0.0,100.0,0.0,100.0,0.0,100.0,0.0,95.0,0.0,98.3333,0.0,100.0,0.0,83.5714,0.0
103,RTSPARMAGNGGD,netmhcpan,85.0,0.0,99.0,0.0,100.0,0.0,95.0,0.0,100.0,0.0,51.1111,0.0,100.0,0.0,100.0,0.0,100.0,0.0,100.0,0.0,100.0,0.0,100.0,0.0,98.3333,0.0,100.0,0.0,55.1667,0.0001,13,NC_045512.2,28883,N,GU280_gp10,SNP,False,False,c.610G>C,p.Gly204Arg,GTSPARMAGNGGD,True,netmhcpan,100.0,0.0,99.0,0.0,100.0,0.0,100.0,0.0,100.0,0.0,77.5,0.0,100.0,0.0,100.0,0.0,100.0,0.0,100.0,0.0,100.0,0.0,100.0,0.0,100.0,0.0,100.0,0.0,70.3846,0.0
104,RNSSRNSTPGSSK,netmhcpan,62.8571,0.0,85.0,0.0,79.0,0.0,41.25,0.0001,85.0,0.0,16.8351,0.0006,85.0,0.0,80.0,0.0,80.0,0.0,75.0,0.0,49.0,0.0,80.0,0.0,91.6667,0.0,85.0,0.0,56.1667,0.0001,13,NC_045512.2,28881,N,GU280_gp10,SNP,False,False,c.608G>A,p.Arg203Lys,RNSSRNSTPGSSR,True,netmhcpan,63.5714,0.0,83.5714,0.0,79.0,0.0,64.375,0.0,75.0,0.0,21.8421,0.0003,90.0,0.0,85.0,0.0,75.0,0.0,65.0,0.0,49.0,0.0,85.0,0.0,86.25,0.0,95.0,0.0,55.3333,0.0001
105,NSSRNSTPGSSKG,netmhcpan,92.5,0.0,92.0,0.0,92.5,0.0,90.0,0.0,95.0,0.0,55.8333,0.0,100.0,0.0,100.0,0.0,95.0,0.0,100.0,0.0,100.0,0.0,95.0,0.0,96.6667,0.0,95.0,0.0,62.9545,0.0001,13,NC_045512.2,28881,N,GU280_gp10,SNP,False,False,c.608G>A,p.Arg203Lys,NSSRNSTPGSSRG,True,netmhcpan,92.5,0.0,93.0,0.0,92.5,0.0,95.0,0.0,95.0,0.0,75.0,0.0,100.0,0.0,100.0,0.0,95.0,0.0,100.0,0.0,95.0,0.0,95.0,0.0,96.6667,0.0,100.0,0.0,68.5294,0.0001
106,SSRNSTPGSSKGT,netmhcpan,80.0,0.0,89.2857,0.0,90.0,0.0,76.6667,0.0,95.0,0.0,51.6667,0.0,100.0,0.0,95.0,0.0,95.0,0.0,100.0,0.0,95.0,0.0,95.0,0.0,96.6667,0.0,100.0,0.0,60.6818,0.0001,13,NC_045512.2,28881,N,GU280_gp10,SNP,False,False,c.608G>A,p.Arg203Lys,SSRNSTPGSSRGT,True,netmhcpan,76.6667,0.0,87.8571,0.0,90.0,0.0,85.0,0.0,95.0,0.0,65.0,0.0,100.0,0.0,90.0,0.0,95.0,0.0,100.0,0.0,95.0,0.0,95.0,0.0,96.6667,0.0,100.0,0.0,62.2727,0.0001
107,SRNSTPGSSKGTS,netmhcpan,27.3333,0.0003,90.0,0.0,68.125,0.0,95.0,0.0,90.0,0.0,13.4674,0.001,80.0,0.0,85.0,0.0,80.0,0.0,100.0,0.0,80.0,0.0,86.6667,0.0,79.2857,0.0,75.0,0.0,92.0,0.0,13,NC_045512.2,28881,N,GU280_gp10,SNP,False,False,c.608G>A,p.Arg203Lys,SRNSTPGSSRGTS,True,netmhcpan,16.7117,0.0008,87.1429,0.0,69.375,0.0,95.0,0.0,90.0,0.0,15.646,0.0007,80.0,0.0,85.0,0.0,80.0,0.0,100.0,0.0,85.0,0.0,86.6667,0.0,85.0,0.0,85.0,0.0,94.0,0.0
108,RNSTPGSSKGTSP,netmhcpan,69.0,0.0,80.0,0.0,80.0,0.0,73.0,0.0,90.0,0.0,71.6667,0.0,90.0,0.0,85.0,0.0,72.5,0.0,75.0,0.0,80.0,0.0,62.6923,0.0,86.25,0.0,85.0,0.0,83.5714,0.0,13,NC_045512.2,28881,N,GU280_gp10,SNP,False,False,c.608G>A,p.Arg203Lys,RNSTPGSSRGTSP,True,netmhcpan,68.0,0.0,80.7143,0.0,80.0,0.0,74.0,0.0,90.0,0.0,73.3333,0.0,90.0,0.0,85.0,0.0,72.5,0.0,75.0,0.0,80.0,0.0,64.2308,0.0,87.5,0.0,85.0,0.0,85.0,0.0
109,NSTPGSSKGTSPA,netmhcpan,59.4444,0.0,79.5,0.0,59.6875,0.0,90.0,0.0,90.0,0.0,95.0,0.0,80.0,0.0,85.0,0.0,75.0,0.0,85.0,0.0,95.0,0.0,88.3333,0.0,68.3333,0.0,80.0,0.0,62.9545,0.0001,13,NC_045512.2,28881,N,GU280_gp10,SNP,False,False,c.608G>A,p.Arg203Lys,NSTPGSSRGTSPA,True,netmhcpan,60.0,0.0,83.5714,0.0,60.4167,0.0,90.0,0.0,95.0,0.0,95.0,0.0,85.0,0.0,90.0,0.0,77.5,0.0,85.0,0.0,95.0,0.0,90.0,0.0,70.5556,0.0,80.0,0.0,65.2941,0.0001
110,STPGSSKGTSPAR,netmhcpan,40.5714,0.0001,79.5,0.0,75.0,0.0,40.7778,0.0001,58.5714,0.0,51.6667,0.0,47.5,0.0,80.0,0.0,77.5,0.0,62.5,0.0,67.5,0.0,90.0,0.0,63.8235,0.0,61.6667,0.0,40.7895,0.0003,13,NC_045512.2,28881,N,GU280_gp10,SNP,False,False,c.608G>A,p.Arg203Lys,STPGSSRGTSPAR,True,netmhcpan,35.5556,0.0001,80.7143,0.0,78.0,0.0,42.4286,0.0001,59.2857,0.0,47.0,0.0,47.5,0.0,77.5,0.0,75.0,0.0,65.0,0.0,67.5,0.0,88.3333,0.0,67.5,0.0,61.6667,0.0,39.5,0.0003
111,TPGSSKGTSPARM,netmhcpan,3.1818,0.0251,28.7705,0.0007,51.4583,0.0001,71.0,0.0,46.3333,0.0,73.3333,0.0,16.6262,0.0006,46.75,0.0,43.0,0.0001,70.0,0.0,65.0,0.0,81.6667,0.0,29.5254,0.0006,14.8195,0.0007,70.3846,0.0,13,NC_045512.2,28881,N,GU280_gp10,SNP,False,False,c.608G>A,p.Arg203Lys,TPGSSRGTSPARM,True,netmhcpan,1.6381,0.0816,24.4681,0.001,41.2,0.0001,69.1667,0.0,43.75,0.0001,21.5263,0.0003,16.6075,0.0006,36.8889,0.0001,37.1667,0.0001,65.0,0.0,58.75,0.0,83.3333,0.0,29.9492,0.0006,15.03,0.0007,67.9412,0.0001
112,PGSSKGTSPARMA,netmhcpan,95.0,0.0,93.0,0.0,95.0,0.0,95.0,0.0,100.0,0.0,95.0,0.0,100.0,0.0,95.0,0.0,100.0,0.0,100.0,0.0,100.0,0.0,95.0,0.0,96.6667,0.0,100.0,0.0,87.5,0.0,13,NC_045512.2,28881,N,GU280_gp10,SNP,False,False,c.608G>A,p.Arg203Lys,PGSSRGTSPARMA,True,netmhcpan,92.5,0.0,94.0,0.0,90.0,0.0,100.0,0.0,100.0,0.0,87.5,0.0,100.0,0.0,95.0,0.0,100.0,0.0,100.0,0.0,100.0,0.0,95.0,0.0,98.3333,0.0,100.0,0.0,88.3333,0.0
113,GSSKGTSPARMAG,netmhcpan,85.0,0.0,95.0,0.0,95.0,0.0,95.0,0.0,95.0,0.0,95.0,0.0,100.0,0.0,100.0,0.0,100.0,0.0,100.0,0.0,100.0,0.0,95.0,0.0,96.6667,0.0,100.0,0.0,54.0698,0.0001,13,NC_045512.2,28881,N,GU280_gp10,SNP,False,False,c.608G>A,p.Arg203Lys,GSSRGTSPARMAG,True,netmhcpan,90.0,0.0,95.0,0.0,95.0,0.0,95.0,0.0,100.0,0.0,87.5,0.0,100.0,0.0,100.0,0.0,100.0,0.0,100.0,0.0,100.0,0.0,95.0,0.0,96.6667,0.0,100.0,0.0,54.5349,0.0001
114,SSKGTSPARMAGN,netmhcpan,83.3333,0.0,90.0,0.0,92.5,0.0,85.0,0.0,95.0,0.0,95.0,0.0,100.0,0.0,95.0,0.0,100.0,0.0,100.0,0.0,100.0,0.0,95.0,0.0,98.3333,0.0,100.0,0.0,59.0,0.0001,13,NC_045512.2,28881,N,GU280_gp10,SNP,False,False,c.608G>A,p.Arg203Lys,SSRGTSPARMAGN,True,netmhcpan,76.6667,0.0,91.0,0.0,92.5,0.0,87.5,0.0,95.0,0.0,87.5,0.0,100.0,0.0,95.0,0.0,100.0,0.0,100.0,0.0,100.0,0.0,95.0,0.0,98.3333,0.0,100.0,0.0,60.0,0.0001
115,SKGTSPARMAGNG,netmhcpan,76.6667,0.0,99.0,0.0,100.0,0.0,100.0,0.0,100.0,0.0,95.0,0.0,100.0,0.0,100.0,0.0,100.0,0.0,100.0,0.0,100.0,0.0,100.0,0.0,98.3333,0.0,95.0,0.0,96.0,0.0,13,NC_045512.2,28881,N,GU280_gp10,SNP,False,False,c.608G>A,p.Arg203Lys,SRGTSPARMAGNG,True,netmhcpan,75.0,0.0,97.0,0.0,92.5,0.0,100.0,0.0,95.0,0.0,61.0,0.0,100.0,0.0,95.0,0.0,100.0,0.0,100.0,0.0,100.0,0.0,100.0,0.0,98.3333,0.0,95.0,0.0,95.0,0.0
116,KGTSPARMAGNGG,netmhcpan,92.5,0.0,98.0,0.0,100.0,0.0,95.0,0.0,100.0,0.0,90.0,0.0,100.0,0.0,100.0,0.0,100.0,0.0,100.0,0.0,100.0,0.0,100.0,0.0,98.3333,0.0,100.0,0.0,85.8333,0.0,13,NC_045512.2,28881,N,GU280_gp10,SNP,False,False,c.608G>A,p.Arg203Lys,RGTSPARMAGNGG,True,netmhcpan,83.3333,0.0,97.0,0.0,100.0,0.0,95.0,0.0,100.0,0.0,87.5,0.0,100.0,0.0,100.0,0.0,100.0,0.0,100.0,0.0,100.0,0.0,95.0,0.0,98.3333,0.0,100.0,0.0,83.5714,0.0
117,NSSRNSTPGSSKR,netmhcpan,62.8571,0.0,90.0,0.0,88.3333,0.0,73.0,0.0,80.0,0.0,27.8889,0.0002,80.0,0.0,85.0,0.0,85.0,0.0,85.0,0.0,53.75,0.0,88.3333,0.0,88.75,0.0,80.0,0.0,48.4545,0.0002,13,NC_045512.2,"28883,28881",N,GU280_gp10,SNP,False,False,"c.610G>C,c.608G>A","p.Arg203Lys,p.Gly204Arg",NSSRNSTPGSSRG,False,netmhcpan,92.5,0.0,93.0,0.0,92.5,0.0,95.0,0.0,95.0,0.0,75.0,0.0,100.0,0.0,100.0,0.0,95.0,0.0,100.0,0.0,95.0,0.0,95.0,0.0,96.6667,0.0,100.0,0.0,68.5294,0.0001
118,SSRNSTPGSSKRT,netmhcpan,76.6667,0.0,85.7143,0.0,88.3333,0.0,72.0,0.0,95.0,0.0,50.5556,0.0,90.0,0.0,85.0,0.0,95.0,0.0,85.0,0.0,85.0,0.0,90.0,0.0,95.0,0.0,95.0,0.0,57.0,0.0001,13,NC_045512.2,"28883,28881",N,GU280_gp10,SNP,False,False,"c.610G>C,c.608G>A","p.Arg203Lys,p.Gly204Arg",SSRNSTPGSSRGT,False,netmhcpan,76.6667,0.0,87.8571,0.0,90.0,0.0,85.0,0.0,95.0,0.0,65.0,0.0,100.0,0.0,90.0,0.0,95.0,0.0,100.0,0.0,95.0,0.0,95.0,0.0,96.6667,0.0,100.0,0.0,62.2727,0.0001
119,SRNSTPGSSKRTS,netmhcpan,18.3636,0.0006,79.5,0.0,58.75,0.0,90.0,0.0,85.0,0.0,12.3468,0.0013,67.5,0.0,59.375,0.0,70.0,0.0,85.0,0.0,75.0,0.0,77.0,0.0,80.0,0.0,75.0,0.0,81.4286,0.0,13,NC_045512.2,"28883,28881",N,GU280_gp10,SNP,False,False,"c.610G>C,c.608G>A","p.Arg203Lys,p.Gly204Arg",SRNSTPGSSRGTS,False,netmhcpan,16.7117,0.0008,87.1429,0.0,69.375,0.0,95.0,0.0,90.0,0.0,15.646,0.0007,80.0,0.0,85.0,0.0,80.0,0.0,100.0,0.0,85.0,0.0,86.6667,0.0,85.0,0.0,85.0,0.0,94.0,0.0
120,RNSTPGSSKRTSP,netmhcpan,65.0,0.0,67.8125,0.0001,76.0,0.0,74.0,0.0,90.0,0.0,71.6667,0.0,90.0,0.0,85.0,0.0,72.5,0.0,75.0,0.0,75.0,0.0,63.8462,0.0,88.75,0.0,85.0,0.0,84.2857,0.0,13,NC_045512.2,"28883,28881",N,GU280_gp10,SNP,False,False,"c.610G>C,c.608G>A","p.Arg203Lys,p.Gly204Arg",RNSTPGSSRGTSP,False,netmhcpan,68.0,0.0,80.7143,0.0,80.0,0.0,74.0,0.0,90.0,0.0,73.3333,0.0,90.0,0.0,85.0,0.0,72.5,0.0,75.0,0.0,80.0,0.0,64.2308,0.0,87.5,0.0,85.0,0.0,85.0,0.0
121,NSTPGSSKRTSPA,netmhcpan,57.7778,0.0,58.7931,0.0001,57.8125,0.0,90.0,0.0,90.0,0.0,90.0,0.0,85.0,0.0,85.0,0.0,68.3333,0.0,85.0,0.0,85.0,0.0,88.3333,0.0,67.5,0.0,80.0,0.0,63.1818,0.0001,13,NC_045512.2,"28883,28881",N,GU280_gp10,SNP,False,False,"c.610G>C,c.608G>A","p.Arg203Lys,p.Gly204Arg",NSTPGSSRGTSPA,False,netmhcpan,60.0,0.0,83.5714,0.0,60.4167,0.0,90.0,0.0,95.0,0.0,95.0,0.0,85.0,0.0,90.0,0.0,77.5,0.0,85.0,0.0,95.0,0.0,90.0,0.0,70.5556,0.0,80.0,0.0,65.2941,0.0001
122,STPGSSKRTSPAR,netmhcpan,47.75,0.0001,75.0,0.0,79.0,0.0,55.0,0.0,64.0,0.0,52.7778,0.0,49.0,0.0,85.0,0.0,77.5,0.0,65.0,0.0,67.5,0.0,90.0,0.0,68.3333,0.0,63.3333,0.0,46.5385,0.0002,13,NC_045512.2,"28883,28881",N,GU280_gp10,SNP,False,False,"c.610G>C,c.608G>A","p.Arg203Lys,p.Gly204Arg",STPGSSRGTSPAR,False,netmhcpan,35.5556,0.0001,80.7143,0.0,78.0,0.0,42.4286,0.0001,59.2857,0.0,47.0,0.0,47.5,0.0,77.5,0.0,75.0,0.0,65.0,0.0,67.5,0.0,88.3333,0.0,67.5,0.0,61.6667,0.0,39.5,0.0003
123,TPGSSKRTSPARM,netmhcpan,1.1311,0.1457,16.6978,0.0024,39.0714,0.0002,61.25,0.0,41.75,0.0001,64.0,0.0,13.6422,0.001,46.25,0.0,36.25,0.0001,60.0,0.0,60.0,0.0,77.0,0.0,22.6304,0.0012,13.8963,0.0008,63.1818,0.0001,13,NC_045512.2,"28883,28881",N,GU280_gp10,SNP,False,False,"c.610G>C,c.608G>A","p.Arg203Lys,p.Gly204Arg",TPGSSRGTSPARM,False,netmhcpan,1.6381,0.0816,24.4681,0.001,41.2,0.0001,69.1667,0.0,43.75,0.0001,21.5263,0.0003,16.6075,0.0006,36.8889,0.0001,37.1667,0.0001,65.0,0.0,58.75,0.0,83.3333,0.0,29.9492,0.0006,15.03,0.0007,67.9412,0.0001
124,PGSSKRTSPARMA,netmhcpan,92.5,0.0,87.8571,0.0,86.6667,0.0,100.0,0.0,95.0,0.0,60.0,0.0,100.0,0.0,90.0,0.0,95.0,0.0,100.0,0.0,100.0,0.0,92.5,0.0,98.3333,0.0,100.0,0.0,88.3333,0.0,13,NC_045512.2,"28883,28881",N,GU280_gp10,SNP,False,False,"c.610G>C,c.608G>A","p.Arg203Lys,p.Gly204Arg",PGSSRGTSPARMA,False,netmhcpan,92.5,0.0,94.0,0.0,90.0,0.0,100.0,0.0,100.0,0.0,87.5,0.0,100.0,0.0,95.0,0.0,100.0,0.0,100.0,0.0,100.0,0.0,95.0,0.0,98.3333,0.0,100.0,0.0,88.3333,0.0
125,GSSKRTSPARMAG,netmhcpan,81.6667,0.0,89.2857,0.0,95.0,0.0,95.0,0.0,95.0,0.0,62.0,0.0,100.0,0.0,100.0,0.0,100.0,0.0,100.0,0.0,100.0,0.0,95.0,0.0,96.6667,0.0,100.0,0.0,56.0,0.0001,13,NC_045512.2,"28883,28881",N,GU280_gp10,SNP,False,False,"c.610G>C,c.608G>A","p.Arg203Lys,p.Gly204Arg",GSSRGTSPARMAG,False,netmhcpan,90.0,0.0,95.0,0.0,95.0,0.0,95.0,0.0,100.0,0.0,87.5,0.0,100.0,0.0,100.0,0.0,100.0,0.0,100.0,0.0,100.0,0.0,95.0,0.0,96.6667,0.0,100.0,0.0,54.5349,0.0001
126,SSKRTSPARMAGN,netmhcpan,92.5,0.0,91.0,0.0,90.0,0.0,95.0,0.0,95.0,0.0,80.0,0.0,100.0,0.0,95.0,0.0,100.0,0.0,100.0,0.0,100.0,0.0,95.0,0.0,98.3333,0.0,100.0,0.0,70.3846,0.0,13,NC_045512.2,"28883,28881",N,GU280_gp10,SNP,False,False,"c.610G>C,c.608G>A","p.Arg203Lys,p.Gly204Arg",SSRGTSPARMAGN,False,netmhcpan,76.6667,0.0,91.0,0.0,92.5,0.0,87.5,0.0,95.0,0.0,87.5,0.0,100.0,0.0,95.0,0.0,100.0,0.0,100.0,0.0,100.0,0.0,95.0,0.0,98.3333,0.0,100.0,0.0,60.0,0.0001
127,SKRTSPARMAGNG,netmhcpan,76.6667,0.0,96.0,0.0,92.5,0.0,100.0,0.0,95.0,0.0,80.0,0.0,100.0,0.0,100.0,0.0,100.0,0.0,100.0,0.0,100.0,0.0,95.0,0.0,98.3333,0.0,95.0,0.0,94.0,0.0,13,NC_045512.2,"28883,28881",N,GU280_gp10,SNP,False,False,"c.610G>C,c.608G>A","p.Arg203Lys,p.Gly204Arg",SRGTSPARMAGNG,False,netmhcpan,75.0,0.0,97.0,0.0,92.5,0.0,100.0,0.0,95.0,0.0,61.0,0.0,100.0,0.0,95.0,0.0,100.0,0.0,100.0,0.0,100.0,0.0,100.0,0.0,98.3333,0.0,95.0,0.0,95.0,0.0
128,KRTSPARMAGNGG,netmhcpan,90.0,0.0,97.0,0.0,95.0,0.0,95.0,0.0,100.0,0.0,19.9434,0.0004,100.0,0.0,90.0,0.0,95.0,0.0,100.0,0.0,95.0,0.0,92.5,0.0,98.3333,0.0,100.0,0.0,80.0,0.0,13,NC_045512.2,"28883,28881",N,GU280_gp10,SNP,False,False,"c.610G>C,c.608G>A","p.Arg203Lys,p.Gly204Arg",RGTSPARMAGNGG,False,netmhcpan,83.3333,0.0,97.0,0.0,100.0,0.0,95.0,0.0,100.0,0.0,87.5,0.0,100.0,0.0,100.0,0.0,100.0,0.0,100.0,0.0,100.0,0.0,95.0,0.0,98.3333,0.0,100.0,0.0,83.5714,0.0
129,RWYFYYLGTGPES,netmhcpan,71.25,0.0,94.0,0.0,92.5,0.0,85.0,0.0,95.0,0.0,54.4444,0.0,90.0,0.0,90.0,0.0,95.0,0.0,100.0,0.0,95.0,0.0,85.0,0.0,95.0,0.0,100.0,0.0,92.0,0.0,13,NC_045512.2,28628,N,GU280_gp10,SNP,False,False,c.355G>T,p.Ala119Ser,RWYFYYLGTGPEA,True,netmhcpan,46.5,0.0001,74.6154,0.0,59.6875,0.0,55.8333,0.0,85.0,0.0,36.2857,0.0001,72.5,0.0,54.5455,0.0,54.4444,0.0,70.0,0.0,72.5,0.0,51.5385,0.0001,70.5556,0.0,85.0,0.0,80.0,0.0
130,WYFYYLGTGPESG,netmhcpan,95.0,0.0,95.0,0.0,90.0,0.0,95.0,0.0,95.0,0.0,87.5,0.0,90.0,0.0,85.0,0.0,95.0,0.0,100.0,0.0,100.0,0.0,95.0,0.0,96.6667,0.0,100.0,0.0,98.0,0.0,13,NC_045512.2,28628,N,GU280_gp10,SNP,False,False,c.355G>T,p.Ala119Ser,WYFYYLGTGPEAG,True,netmhcpan,95.0,0.0,95.0,0.0,88.3333,0.0,95.0,0.0,95.0,0.0,90.0,0.0,90.0,0.0,90.0,0.0,85.0,0.0,100.0,0.0,100.0,0.0,95.0,0.0,95.0,0.0,100.0,0.0,99.0,0.0
131,YFYYLGTGPESGL,netmhcpan,26.1538,0.0003,22.2846,0.0013,27.814,0.0005,44.1667,0.0001,65.0,0.0,35.1429,0.0001,43.0,0.0,31.3529,0.0002,26.375,0.0002,43.0,0.0,58.75,0.0,52.3077,0.0001,43.8,0.0002,30.5556,0.0001,61.8182,0.0001,13,NC_045512.2,28628,N,GU280_gp10,SNP,False,False,c.355G>T,p.Ala119Ser,YFYYLGTGPEAGL,True,netmhcpan,32.2308,0.0002,24.7979,0.001,34.1905,0.0003,53.3333,0.0,67.5,0.0,38.8,0.0001,49.5,0.0,33.8333,0.0001,28.6111,0.0002,43.0,0.0,60.0,0.0,56.3889,0.0001,47.7,0.0001,35.4,0.0001,66.4706,0.0001
132,FYYLGTGPESGLP,netmhcpan,66.0,0.0,63.8636,0.0001,65.0,0.0,87.5,0.0,90.0,0.0,63.0,0.0,90.0,0.0,71.6667,0.0,63.0,0.0,85.0,0.0,95.0,0.0,66.6667,0.0,70.0,0.0,85.0,0.0,83.5714,0.0,13,NC_045512.2,28628,N,GU280_gp10,SNP,False,False,c.355G>T,p.Ala119Ser,FYYLGTGPEAGLP,True,netmhcpan,73.75,0.0,70.0,0.0,63.75,0.0,90.0,0.0,90.0,0.0,63.0,0.0,90.0,0.0,75.0,0.0,65.0,0.0,100.0,0.0,95.0,0.0,69.4444,0.0,72.2222,0.0,95.0,0.0,85.0,0.0
133,YYLGTGPESGLPY,netmhcpan,37.75,0.0001,37.1538,0.0004,42.4,0.0001,8.8755,0.0062,12.1814,0.0013,22.1875,0.0003,6.4167,0.0066,30.7895,0.0002,38.4286,0.0001,49.0,0.0,26.9,0.0001,55.8333,0.0001,39.3,0.0003,14.0827,0.0008,24.625,0.001,13,NC_045512.2,28628,N,GU280_gp10,SNP,False,False,c.355G>T,p.Ala119Ser,YYLGTGPEAGLPY,True,netmhcpan,38.2857,0.0001,39.3333,0.0003,44.4444,0.0001,9.6254,0.0051,12.0651,0.0013,22.125,0.0003,6.3382,0.0068,31.5882,0.0002,39.2,0.0001,50.0,0.0,27.75,0.0001,58.0556,0.0,41.8889,0.0002,14.0902,0.0008,25.9545,0.0009
134,YLGTGPESGLPYG,netmhcpan,62.1429,0.0,83.5714,0.0,92.5,0.0,21.55,0.0007,65.0,0.0,80.0,0.0,39.25,0.0,85.0,0.0,85.0,0.0,85.0,0.0,85.0,0.0,95.0,0.0,54.8571,0.0001,36.8,0.0001,87.5,0.0,13,NC_045512.2,28628,N,GU280_gp10,SNP,False,False,c.355G>T,p.Ala119Ser,YLGTGPEAGLPYG,True,netmhcpan,66.0,0.0,87.1429,0.0,95.0,0.0,24.86,0.0005,67.5,0.0,87.5,0.0,42.0,0.0,85.0,0.0,95.0,0.0,100.0,0.0,85.0,0.0,95.0,0.0,59.0,0.0001,43.5,0.0,91.0,0.0
135,LGTGPESGLPYGA,netmhcpan,92.5,0.0,93.0,0.0,90.0,0.0,87.5,0.0,65.0,0.0,87.5,0.0,90.0,0.0,85.0,0.0,85.0,0.0,38.0,0.0,57.5,0.0,29.0571,0.0004,76.4286,0.0,85.0,0.0,80.0,0.0,13,NC_045512.2,28628,N,GU280_gp10,SNP,False,False,c.355G>T,p.Ala119Ser,LGTGPEAGLPYGA,True,netmhcpan,92.5,0.0,92.0,0.0,88.3333,0.0,87.5,0.0,61.0,0.0,87.5,0.0,90.0,0.0,85.0,0.0,80.0,0.0,36.3333,0.0,53.75,0.0,26.1296,0.0006,80.0,0.0,85.0,0.0,80.7143,0.0
136,GTGPESGLPYGAN,netmhcpan,100.0,0.0,98.0,0.0,100.0,0.0,72.0,0.0,95.0,0.0,95.0,0.0,90.0,0.0,100.0,0.0,100.0,0.0,85.0,0.0,95.0,0.0,86.6667,0.0,98.3333,0.0,100.0,0.0,85.8333,0.0,13,NC_045512.2,28628,N,GU280_gp10,SNP,False,False,c.355G>T,p.Ala119Ser,GTGPEAGLPYGAN,True,netmhcpan,100.0,0.0,99.0,0.0,100.0,0.0,76.6667,0.0,95.0,0.0,90.0,0.0,90.0,0.0,100.0,0.0,100.0,0.0,75.0,0.0,85.0,0.0,88.3333,0.0,98.3333,0.0,100.0,0.0,86.6667,0.0
137,TGPESGLPYGANK,netmhcpan,73.75,0.0,89.2857,0.0,81.6667,0.0,75.0,0.0,80.0,0.0,55.0,0.0,80.0,0.0,90.0,0.0,85.0,0.0,100.0,0.0,85.0,0.0,90.0,0.0,78.5714,0.0,80.0,0.0,72.6923,0.0,13,NC_045512.2,28628,N,GU280_gp10,SNP,False,False,c.355G>T,p.Ala119Ser,TGPEAGLPYGANK,True,netmhcpan,75.0,0.0,91.0,0.0,81.6667,0.0,78.3333,0.0,82.5,0.0,55.0,0.0,75.0,0.0,90.0,0.0,85.0,0.0,100.0,0.0,85.0,0.0,90.0,0.0,79.2857,0.0,80.0,0.0,73.8462,0.0
138,GPESGLPYGANKD,netmhcpan,85.0,0.0,98.0,0.0,100.0,0.0,95.0,0.0,90.0,0.0,87.5,0.0,80.0,0.0,100.0,0.0,100.0,0.0,100.0,0.0,95.0,0.0,95.0,0.0,93.3333,0.0,70.0,0.0,97.0,0.0,13,NC_045512.2,28628,N,GU280_gp10,SNP,False,False,c.355G>T,p.Ala119Ser,GPEAGLPYGANKD,True,netmhcpan,85.0,0.0,98.0,0.0,100.0,0.0,95.0,0.0,95.0,0.0,87.5,0.0,85.0,0.0,100.0,0.0,100.0,0.0,100.0,0.0,95.0,0.0,95.0,0.0,95.0,0.0,80.0,0.0,98.0,0.0
139,PESGLPYGANKDG,netmhcpan,100.0,0.0,100.0,0.0,100.0,0.0,100.0,0.0,100.0,0.0,100.0,0.0,100.0,0.0,100.0,0.0,100.0,0.0,100.0,0.0,100.0,0.0,100.0,0.0,98.3333,0.0,100.0,0.0,100.0,0.0,13,NC_045512.2,28628,N,GU280_gp10,SNP,False,False,c.355G>T,p.Ala119Ser,PEAGLPYGANKDG,True,netmhcpan,100.0,0.0,100.0,0.0,100.0,0.0,100.0,0.0,100.0,0.0,100.0,0.0,100.0,0.0,100.0,0.0,100.0,0.0,100.0,0.0,100.0,0.0,100.0,0.0,98.3333,0.0,100.0,0.0,100.0,0.0
140,ESGLPYGANKDGI,netmhcpan,75.0,0.0,88.5714,0.0,85.0,0.0,100.0,0.0,95.0,0.0,90.0,0.0,90.0,0.0,80.0,0.0,75.0,0.0,100.0,0.0,95.0,0.0,90.0,0.0,59.2,0.0001,85.0,0.0,85.8333,0.0,13,NC_045512.2,28628,N,GU280_gp10,SNP,False,False,c.355G>T,p.Ala119Ser,EAGLPYGANKDGI,True,netmhcpan,71.25,0.0,84.2857,0.0,85.0,0.0,100.0,0.0,95.0,0.0,90.0,0.0,80.0,0.0,80.0,0.0,75.0,0.0,100.0,0.0,85.0,0.0,90.0,0.0,49.2222,0.0001,80.0,0.0,91.0,0.0
141,SGLPYGANKDGII,netmhcpan,73.75,0.0,80.0,0.0,80.0,0.0,95.0,0.0,90.0,0.0,87.5,0.0,90.0,0.0,73.3333,0.0,80.0,0.0,85.0,0.0,95.0,0.0,75.0,0.0,35.6129,0.0004,63.3333,0.0,69.4118,0.0,13,NC_045512.2,28628,N,GU280_gp10,SNP,False,False,c.355G>T,p.Ala119Ser,AGLPYGANKDGII,True,netmhcpan,78.3333,0.0,87.8571,0.0,86.6667,0.0,95.0,0.0,90.0,0.0,87.5,0.0,90.0,0.0,80.0,0.0,85.0,0.0,85.0,0.0,95.0,0.0,78.0,0.0,39.1,0.0003,70.0,0.0,75.0,0.0
