,https://www.allelefrequencies.net/pop6001c.asp?pop_id=2016,Brazil Mixed,,https://www.scielo.br/j/anp/a/FfJwbbQNkBnYzjvCnQTGCRp/?lang=en#,,,,,REDOME,,,https://pubmed.ncbi.nlm.nih.gov/30740929/,
1,B*07:02:01,0.087,,07:02,31,"6,6",,1,B*35,0.121,1,B*07:02,0.082
2,B*18:01,0.051,,51:01:00,16,"3,4",,2,B*44,0.107,2,B*44:03,0.077
3,B*35:01,0.051,,35:01:00,11,"2,4",,3,B*15,0.088,3,B*15:01,0.067
4,B*51:01:01,0.051,,52:01:00,24,5.1,,4,B*51,0.086,4,B*51:01,0.058
5,B*08:01,0.043,,14:02,21,4.5,,5,B*07,0.072,5,B*18:01,0.053
6,B*08:05,0.036,,08:01,19,4.1,,6,B*08,0.056,6,B*35:01,0.053
7,B*44:03,0.036,,15:03,15,3.2,,7,B*18,0.053,7,B*38:01,0.038
8,B*39:01,0.029,,15:01,13,2.8,,8,B*14,0.05,8,B*08:01,0.034
9,B*44:02,0.029,,18:01,11,2.4,,9,B*40,0.049,9,B*49:01,0.034
10,B*08:03,0.022,,49:01:00,10,2.1,,10,B*39,0.036,10,B*14:02,0.029
11,B*14:02,0.022,,38:01:00,10,2.1,,11,B*57,0.027,11,B*35:03,0.029
12,B*15:01:01,0.022,,14:01,8,1.7,,12,B*27,0.026,12,B*39:01,0.029
13,B*35:02,0.022,,44:02:00,7,1.5,,13,B*38,0.026,13,B*44:02,0.029
14,B*35:05,0.022,,40:01:00,4,0.9,,14,B*49,0.026,14,B*27:05,0.024
15,B*38:01:01,0.022,,41:01:00,1,0.2,,15,B*52,0.022,15,B*35:02,0.024
16,B*42:02,0.022,,14:06,0,0,,16,B*50,0.021,16,B*40:01,0.024
17,B*53:01,0.022,,,,,,17,B*13,0.019,17,B*53:01,0.024
18,B*58:01,0.022,,,,,,18,B*58,0.019,18,B*57:01,0.024
19,B*78:01,0.022,,,,,,19,B*53,0.017,19,B*13:02,0.019
20,B*07:02:03,0.014,,,,,,20,B*45,0.014,20,B*15:17,0.019
21,B*15:03,0.014,,,,,,21,B*41,0.012,21,B*55:01,0.019
22,B*15:16,0.014,,,,,,22,B*55,0.012,22,B*58:01,0.019
23,B*15:23,0.014,,,,,,23,B*37,0.01,23,B*35:08,0.014
24,B*15:37,0.014,,,,,,24,B*42,0.00904,24,B*40:02,0.014
25,B*35:12,0.014,,,,,,25,B*48,0.00798,25,B*44:05,0.014
26,B*35:17,0.014,,,,,,26,B*56,0.00472,26,B*50:01,0.014
27,B*40:01,0.014,,,,,,27,B*81,0.00275,27,B*15:03,0.01
28,B*44:07,0.014,,,,,,28,B*47,0.00239,28,B*15:09,0.01
29,B*49:01,0.014,,,,,,29,B*54,0.00113,29,B*39:05,0.01
30,B*50:01,0.014,,,,,,30,B*73,0.00113,30,B*39:09,0.01
31,B*52:01:01,0.014,,,,,,31,B*46,0.00075,31,B*41:01,0.01
32,B*52:01:02,0.014,,,,,,32,B*78,0.00055,32,B*42:01,0.01
33,B*57:03,0.014,,,,,,33,B*59,0.00032,33,B*52:01,0.01
34,B*07:07,0.007,,,,,,34,B*67,0.0003,34,B*07:05,0.005
35,B*14:05,0.007,,,,,,35,B*82,0.00025,35,B*14:01,0.005
36,B*15:17,0.007,,,,,,,,,36,B*15:10,0.005
37,B*15:38,0.007,,,,,,,,,37,B*15:15,0.005
38,B*27:03,0.007,,,,,,,,,38,B*27:02,0.005
39,B*35:20,0.007,,,,,,,,,39,B*39:02,0.005
40,B*37:01:01,0.007,,,,,,,,,40,B*39:06,0.005
41,B*38:02,0.007,,,,,,,,,41,B*39:06,0.005
42,B*39:03,0.007,,,,,,,,,42,B*39:13,0.005
43,B*39:06,0.007,,,,,,,,,43,B*40:04,0.005
44,B*39:08,0.007,,,,,,,,,44,B*45:01,0.005
45,B*40:04,0.007,,,,,,,,,45,B*47:01,0.005
46,B*42:01,0.007,,,,,,,,,46,B*56:01,0.005
47,B*44:04,0.007,,,,,,,,,47,B*81:01,0.005
48,B*44:05,0.007,,,,,,,,,,,
49,B*44:06,0.007,,,,,,,,,,,
50,B*48:02,0.007,,,,,,,,,,,
51,B*51:02:01,0.007,,,,,,,,,,,
52,B*51:04,0.007,,,,,,,,,,,
53,B*53:02,0.007,,,,,,,,,,,
54,B*57:01,0.007,,,,,,,,,,,
55,B*58:02,0.007,,,,,,,,,,,
56,B*82:01,0.007,,,,,,,,,,,
